날짜,매체명,검색키워드,기사제목,주요기사 요약,URL,sentiment
2026-09-30 16:03,한국경제,[단독],[단독] 해외주식 마케팅 자제령의 그늘...유튜브·블로그 '뒷문 판촉' 기...,금융당국이 지난해 12월부터 증권업계에 해외투자 마케팅 자제령을 내린 가운데 일부 증권사에서 유튜브나 블로그 및 투자권유대행인을 통해 우회적으로 해외주식 수수료·환전 판촉을 진행한 사실이 확인됐다....,https://www.hankyung.com/article/202609305040i,pos
2026-09-30 16:03,한국일보,[단독],[단독] 10명 중 6명 사망 전 지원기관 접촉에도…北 이탈주민 무연고 사...,최근 5년간 무연고로 사망한 북향민(북한이탈주민) 10명 중 6명은 사망 전 1년 이내에 남북하나재단과 전국의 하나센터 등 정착지원기관과 접촉했던 것으로 나타났다. 관련 지원기관과의 접점이 있었는데도 상당수가...,https://www.hankookilbo.com/news/article/A2026093014250004052?did=NA,neg
2026-09-30 16:02,아시아경제,[단독],"[단독] 검찰, '사기적 부정거래' 고려아연 추가 압수수색",고려아연 경영진이 유상증자 과정에서 투자자를 속인 혐의와 관련해 검찰이 추가 자료 확보에 나선 것으로 확인됐다. 공개된 강제수사를 기준으로 지난해 11월 이후 약 10개월 만이다. 법조계에선 검찰이 자본시장법 위반...,https://view.asiae.co.kr/article/2026093012590829790,neg
2026-09-30 16:00,머니투데이,[단독],[단독]금융당국 퇴직자 '로펌행' 가속…8개월 만에 작년 기록 넘었다,금융위원회와 금융감독원을 떠나 대형 법무법인으로 자리를 옮기는 금융당국 퇴직자가 빠르게 늘고 있다. 올해 들어 8개월 만에 45명이 국내 10대 로펌으로 이직해 이미 지난해 연간 이직자 수를 넘어섰다....,https://www.mt.co.kr/finance/2026/09/30/2026093015090514206,pos
2026-09-30 16:00,asiatoday,[단독],[단독] 전수조사 여파 현실화… 농지거래 멈추자 대출 연체율 치솟아,세종//아시아투데이 조상은 기자 = 정부의 농지 전수조사 이후 농업계와 농업 현장에서 우려했던 상황이 현실이 되는 모양새다.농민의 농지 담보대출 연체율이 치솟고 있기 때문이다. 30일 본지가 국민의힘 김선교...,https://www.asiatoday.co.kr/kn/view.php?key=20260930010010574,neg
2026-09-30 15:59,isplus,[단독],"[단독] ‘신병4’ 화제성 이끈 김동준, 십자인대 부상…“현재 회복 중...","‘신병4: 사보타주’에서 활약한 가수 겸 배우 김동준이 십자인대를 다쳤다. 30일 일간스포츠 취재 결과, 김동준은 최근 ENA 월화드라마 ‘신병4: 사보타주’ 촬영을 마무리한 뒤, 운동을 하다가 십자인대에 부상을 입었다....",https://isplus.com/article/view/isp202609300178,neg
2026-09-30 15:56,스트레이트뉴스,알래스카 LNG,"코스피, 美 국채금리 부담에 사흘째 하락",한국의 대미 투자 계획에 알래스카 액화천연가스(LNG) 개발 사업이 포함될 수 있다는 외신 보도가 나오면서 철강·강관주 전반에 매수세가 몰린 영향으로 풀이된다. [스트레이트뉴스 전보영 수습기자],https://www.straightnews.co.kr/news/articleView.html?idxno=312247,pos
2026-09-30 15:56,kidd,전력수급기본계획,방폐장 확보 등 원전 경제성 재평가 과제…“발전원가 상승 우려”,주무 부처인 기후에너지환경부는 대국민 공론화를 거쳐 12차 전력수급기본계획(전기본)에 관련 해답을 담겠다는 방침이다. 하지만 여당 일각에서도 원전 확대를 맹목적으로 추진하는 것에 대한 강한 우려와 함께 꼼꼼한...,https://kidd.co.kr/news/247573,pos
2026-09-30 15:54,서울경제,광양 LNG,豪 바다서 캔 가스 380㎞ 해저 질주후 급랭…한국행 LNG 年130만톤 확보,"2006년 광양발전소에 LNG를 직도입하면서 첫 단추를 끼운 회사는 이후 미국 우드포드 셰일 가스전과 바로사(생산), LNG선박 4척과 LNG 터미널(운송·저장), 광양·파주·여주 등 발전소(소비)를 한 줄로 엮었다. 가스...",https://www.sedaily.com/article/20096648?ref=naver,pos
2026-09-30 15:54,조선일보,알래스카 LNG,"트럼프, 이르면 30일 韓 대미투자 발표…알래스카 LNG에 540억달러",로이터는 사안을 잘 아는 복수의 소식통을 인용해 트럼프 행정부가 한국의 대미 전략적 투자 패키지를 활용해 알래스카 LNG 등 미국 내 주요 사업에 투자하는 방안을 발표할 수 있다고 보도했다. 한미 양국은 지난해...,https://it.chosun.com/news/articleView.html?idxno=2023092171132,pos
2026-09-30 15:53,조선일보,[속보],"[속보] 이스라엘 行 항공기, 납치 신호 발신","이스라엘인 150여 명 탄 플라이두바이 항공편 두바이에서 텔아비브로 향하던 중 조종사가 요르단 상공에서 항공기 납치를 알리는 비상 트랜스폰더 코드 발신 네타냐후 총리와 카츠 국방장관, 긴급 안보 협의 소집",https://biz.chosun.com/international/international_general/2026/09/30/RIKJWMLPYVFVJMWFJ6ZJQMZRY4/?utm_source=naver&utm_medium=original&utm_campaign=biz,pos
2026-09-30 15:52,매일일보,[단독],[단독] 상대원2구역 또 임시총회 임박…'DL이앤씨 계약 해지·조합임원...,매일일보 = 김덕형 기자 | 경기 성남시 상대원2구역 주택재개발사업에서 일부 조합원들이 다시 임시총회 소집을 추진하고 있다. 지난 4월과 7월 잇따른 법원의 가처분 인용 결정으로 기존 시공사인 DL이앤씨의 지위가...,https://www.m-i.kr/news/articleView.html?idxno=2001314,pos
2026-09-30 15:51,jmbc,[속보],"[속보] '여고생 살인' 장윤기 1심 무기징역.. ""가석방 허용하지 않아""",일면식 없는 여고생을 성범죄 목적으로 납치하려다 살해한 혐의 등으로 재판에 넘겨진 장윤기(23)에게 무기징역이 선고됐습니다. 광주지방법원 형사13부 (부장판사 이정호)는 오늘(30일) 성퐁력범죄의 처벌 등에 관한...,http://www.jmbc.co.kr/news/view_breakingnews/68378,neg
2026-09-30 15:50,중앙일보,알래스카 LNG,"선거 급한 트럼프, ‘추후 협의’ 韓알래스카 LNG투자 발표하나",하지만 블룸버그·로이터통신 등은 복수의 소식통을 인용해 트럼프 대통령이 총 2000억 달러(약 270조원) 규모에 달하는 한국의 대미 투자 계획을 공개할 예정이며 해당 계획엔 알래스카 LNG 사업에 한국이 540억 달러를...,https://www.joongang.co.kr/article/25466037,pos
2026-09-30 15:50,tjb,[속보],[속보]광주 '여고생 살해' 장윤기 1심서 무기징역 선고,광주 '여고생 살해' 장윤기 1심서 무기징역 선고,https://www.tjb.co.kr/news05/bodo/view/id/104263,pos
2026-09-30 15:50,headlinejeju,전력수급기본계획,"제주도, 민주당과 예산정책협의회...1900억여원 국비 지원 건의","추자·부유식 해상풍력의 제12차 전력수급기본계획 반영과 2028년 주요 20개국(G20) 정상회의 제주 유치, 2차 공공기관 이전, 도민 항공이동권 보장과 제주공항 소음대책 확대, 제주신항 개발을 위한 제주항 국가관리항...",https://www.headlinejeju.co.kr/news/articleView.html?idxno=599774,pos
2026-09-30 15:50,서울경제,[단독],[단독] 메일로 빼고 PC 들고 나가고…과방위 소관 기관 정보유출 5년간...,국회 과학기술정보방송통신위원회 소관 기관에서 최근 5년간 26건의 정보유출 사고가 발생한 것으로 나타났다. 개인정보뿐 아니라 우주·원자력 등 국가 전략 분야의 연구자료와 기술이 이메일이나 PC·하드디스크 등을...,https://www.sedaily.com/article/20096645?ref=naver,neg
2026-09-30 15:50,한겨레,[단독],[단독] 온누리 지류상품권 줄인다는데…농산물 거래 60%는 여전히 ‘종...,"정부가 온누리상품권의 디지털상품권 사용 활성화와 지류상품권 발행의 단계적 축소를 추진하는 가운데, 농산물 쪽에서는 지류 결제 비중이 여전히 60% 수준을 유지하고 있는 것으로 나타났다. 현장 여건을 고려하지...",https://www.hani.co.kr/arti/economy/economy_general/1280165.html,pos
2026-09-30 15:50,아주경제,알래스카 LNG,[알래스카 LNG 투자 딜레마] 1300km 가스관에 막대한 건설비…'상업적 합...,반면 LNG 수요가 많은 아시아까지 운송거리가 짧다는 점은 알래스카 LNG의 주요 경쟁력으로 꼽힌다. 주요 초크포인트에 대한 의존도가 낮아 공급망 리스크를 줄이면서 안정적인 수급이 가능하다는 것 역시 장점으로...,https://www.ajunews.com/view/20260930152538853,pos
2026-09-30 15:50,헤럴드경제,알래스카 LNG,"트럼프, 1일 오전 4시30분 대미투자 발표…알래스카 LNG 포함하나",백악관은 발표 내용을 구체적으로 공개하지 않았지만 로이터·블룸버그통신은 한국이 알래스카 LNG 개발 사업에 540억 달러(약 73조원)를 투자하는 내용이 포함될 전망이라고 보도했다. 이들 매체가 거론한 540억 달러는...,https://biz.heraldcorp.com/article/10889299?ref=naver,pos
2026-09-30 15:49,spotvnews,[속보],"[속보] '이럴 수가' 양궁, 노골드 스타트라니…男 컴파운드 단체전, 인도...","한국 남자 컴파운드 대표팀이 메달 획득에 실패했다. 컴파운드 단체전이 펼쳐진 첫날 한국은 은메달과 동메달 1개씩 그쳐 전 종목 금메달 싹쓸이 목표가 무산됐다. 최용희와 김종호(이상 현대제철), 최은규...",https://www.spotvnews.co.kr/news/articleView.html?idxno=1010590,pos
2026-09-30 15:48,매일일보,알래스카 LNG,장기금리 부담에 코스피 0.48%↓... 코스닥은 0.72%↑ [마감시황],미국 알래스카 액화천연가스(LNG) 사업에 대한 투자 기대가 부각되면서 동양철관이 상한가를 기록하는 등 강관주에도 매수세가 유입됐다. 2차전지와 일부 반도체 소부장주도 실적 기대를 바탕으로 상승하면서...,https://www.m-i.kr/news/articleView.html?idxno=2001334,pos
2026-09-30 15:48,shinailbo,희토류,"LS에코에너지, 베트남에 방산 희토류 거점…중국 의존 낮춘다",LS에코에너지가 베트남에 방산용 희토류 금속 생산거점을 구축한다. 미국이 2027년부터 국방 조달용 사마륨-코발트(SmCo) 영구자석의 중국산 공급망 규제를 강화하는 가운데 비중국 희토류 공급망을 선제적으로...,https://www.shinailbo.co.kr/news/articleView.html?idxno=5067495,pos
2026-09-30 15:48,조선일보,산업통상부 장관,"에스더블유엠, 현대모비스 등과 '로보택시 데이터 생태계' 구축","이날 행사에 참석한 김정관 산업통상부 장관은 ""서로 잘하는 부분에 집중해 협력하면 대한민국도 로보택시 기술을 확보할 수 있다고 믿는다""고 말했다. 김기혁 에스더블유엠 대표는 강남에서 축적한 운행 경험과 기술을...",https://it.chosun.com/news/articleView.html?idxno=2023092171131,pos
2026-09-30 15:47,sportschosun,[속보],[속보]죽다 살았다! '충격의 선제 실점→이영준 환상 헤더 동점골' 이민...,죽다 살았다. 대한민국 축구 아시안게임대표팀은 30일 오후 3시 일본 오사카의 나가이 스타디움에서 열린 중국과 2026년 아이치-나고야 아시안게임 4강 전반전을 1-1로 마쳤다. 예상치 못한 선제골을 허용하며 끌려갔지만...,https://www.sportschosun.com/football/2026-09-30/202609300100204230013622,pos
2026-09-30 15:47,동아일보,[단독],[단독]여성 법관 38%로 늘었는데…고등법원장 모두 남성,"여성 법관 비율이 지속해서 증가하는 추세지만, 올해 여성 고등법원장은 한 명도 없는 것으로 나타났다. 여성 지방법원장 비율도 20%에 못 미치고 있어 고위 법관 내 남성 편중 현상이 심각하다는 지적이 제기된다....",https://www.donga.com/news/Society/article/all/20260930/134760188/1,pos
2026-09-30 15:46,ikbc,[속보],"[속보]'계엄 해제 표결 방해' 추경호에 징역 20년 구형...특검 ""내란 적...",비상계엄 사태 당시 국민의힘 의원들의 계엄 해제 표결을 방해한 혐의로 기소된 추경호 대구시장(전 국힘 원내대표)에게 징역 20년의 중형이 구형됐습니다. 조은석 내란특별검사팀은 30일 서울중앙지법 형사합의34부...,https://www.ikbc.co.kr/article/view/kbc202609300045,neg
2026-09-30 15:46,asiatoday,종합상사,"현대코퍼레이션그룹의 변신…정몽혁 ""무역·제조 융합으로 100년 도전""","기존 종합상사의 무역 역량에 제조업을 결합하고, 해외 거점을 독립적인 글로벌 본사로 육성해 사업 영역과 글로벌 경영 기반을 동시에 확대한다는 구상이다.현대코퍼레이션그룹은 지난 29일 서울 그랜드 하얏트...",https://www.asiatoday.co.kr/kn/view.php?key=20260930010010769,pos
2026-09-30 15:46,YTN,[속보],"[속보] 코스피, 연휴 이후 사흘째 하락...6,800선 마감","코스피, 0.48% 내린 6,838.04에 장 마감 코스닥, 0.72% 오른 855.91에 거래 종료 삼성전자, 1.47% 내린 26만8천500 원 마감 SK하이닉스, 0.62% 오른 177만 6천 원 마감 원·달러 환율, 3.9원 내린 1,352.8원(15:30...",https://www.ytn.co.kr/_ln/0102_202609301546261151,neg
2026-09-30 15:45,전자신문,알래스카 LNG,"트럼프, 1일 새벽 韓 대미 투자 계획 발표할 듯",지난 22일 국회에 1호 사업으로 미국 텍사스 엔시날 가스복합화력발전소 사업을 확정했다고 보고한 바 있다. 2호 사업인 미국 내 대형 원전 8기 건설 사업과 3호 사업인 알래스카 LNG 개발 사업은 추후 협의 과제라고 했었다.,https://www.etnews.com/20260930000394,pos
2026-09-30 15:45,SBS,알래스카 LNG,"韓, 알래스카 LNG '추가 검토'…트럼프 발표로 뒤집힐까?",백악관은 발표 내용을 구체적으로 공개하지 않았지만 로이터·블룸버그통신은 한국이 알래스카 LNG 개발 사업에 540억 달러(약 73조원)를 투자하는 내용이 포함될 전망이라고 보도했습니다. 이들 매체가 거론한 540억...,https://biz.sbs.co.kr/article_hub/20000337579?division=NAVER,pos
2026-09-30 15:44,jejudomin,전력수급기본계획,"제주도, 국비 국회 반영 핵심 현안 지원 요청","추자·부유식 해상풍력의 제12차 전력수급기본계획 반영과 2028년 주요 20개국(G20) 정상회의 제주 유치, 2차 공공기관 이전, 도민 항공이동권 보장과 제주공항 소음대책 확대, 제주신항 개발을 위한 제주항 국가관리항...",https://www.jejudomin.co.kr/news/articleView.html?idxno=400753,pos
2026-09-30 15:44,국제뉴스,[속보],"[속보] 이영준 동점 헤더골' 한국, 중국에 선제실점 후 1-1 동점",이영준 (사진=이영준 선수 인스타) 아시안게임 4연패에 도전하는 대한민국 남자 축구대표팀이 중국과의 준결승전에서 선제골을 내줬으나 이영준의 동점골로 균형을 맞췄다. 이민성 감독이 이끄는 한국 대표팀은 30일...,https://www.gukjenews.com/news/articleView.html?idxno=3709579,pos
2026-09-30 15:44,파이낸셜포스트,종합상사,"'실리콘 아일랜드' 규슈 부활… 韓 소부장 14개사, 日 공급망 진입 도전","이들은 가네마쓰·키엔스·암코테크놀로지 재팬 등 일본 종합상사와 벤더, 반도체 기업 50여곳과 기업 간 거래(B2B) 상담을 진행한다. 규슈는 후쿠오카의 설계, 구마모토의 제조, 기타규슈의 후공정으로 이어지는...",https://www.financialpost.co.kr/news/articleView.html?idxno=278080,pos
2026-09-30 15:44,joongangenews,희토류,"김상훈 의원, 핵심광물 확보 지원법 발의...해외개발 세액공제 최대 10%","|중앙이코노미뉴스 엄현식 기자|국민의힘 김상훈 의원(대구 서구)은 리튬과 흑연, 코발트, 니켈, 희토류 등... 국민의힘 김상훈 의원은 리튬과 흑연, 코발트, 니켈, 희토류 등 핵심광물 확보를 지원하기 위한 '조세특례제한법...",https://www.joongangenews.com/news/articleView.html?idxno=551674,pos
2026-09-30 15:43,경향신문,산업통상부 장관,"오늘의 인사-산업통상부, 행정안전부 외",■산업통상부 ◇국장급 승진 △산업기술융합정책관 정권 ◇과장급 전보 △운영지원과장 송영상... 최장관 △경제분석국장 김문식 △기업집단감시국장 오동욱 ◇과장급 전보 △정보화담당관 강진규 △기업거래정책과장...,https://www.khan.co.kr/article/202609301543001,pos
2026-09-30 15:42,전자신문,산업통상부 장관,[포토] 미래차 생태계 구축협력 MOU,"김정관 산업통상부 장관이 참석자들과 기념촬영을 하고 있다. 앞줄 왼쪽부터 반시계방향으로 정대진 한국자동차모빌리티산업협회장, 양정휴 LG전자 상무, 박중희 라이드플럭스 대표, 박재홍 보스반도체 대표, 이규석...",https://www.etnews.com/20260930000386,pos
2026-09-30 15:42,전자신문,산업통상부 장관,[포토] 중형 완성차사 미래차 전환 MOU,"김정관 산업통상부 장관이 중형 완성차사의 SDV 전환 협력을 위한 업무협약 관계사와 기념촬영을 하고 있다. 왼쪽부터 진종욱 한국자동차연구원장, 이용필 한국산업기술기획평가원장, 정대진...",https://www.etnews.com/20260930000387,pos
2026-09-30 15:42,전자신문,산업통상부 장관,[포토] 미래차 생태계 구축협력 MOU,"김정관 산업통상부 장관이 로보택시 기술경쟁력 강화를 위한 업무협약 관계사와 기념촬영을 하고 있다. 왼쪽부터 진종욱 한국자동차연구원장, 이용필 한국산업기술기획평가원장, 김진규 카카오모빌리티 부사장, 김 장관...",https://www.etnews.com/20260930000389,pos
2026-09-30 15:42,전자신문,산업통상부 장관,[포토] 미래차 생태계 구축 모두발언하는 김정관 장관,미래차 생태계 구축 협력 기업 간담회가 30일 서울 강남구 현대모비스에서 열렸다. 김정관 산업통상부 장관이 모두발언을 하고 있다.,https://www.etnews.com/20260930000390,pos
2026-09-30 15:42,weeklytrade,희토류,[데스크의 창] 핵심 광물 확보에서 제조까지…달라지는 미국의 공급망 ...,리튬·알루미늄·희토류 등 총 60개 광물을 핵심 광물로 지정했습니다. 미국은 이 가운데 상당수 광물을... 대표적으로 미국은 세계 2위의 미가공 희토류 산화물 생산국임에도 국내 가공 능력이 제한돼 일부 물량을 해외에서...,https://weeklytrade.co.kr/news/view.html?section=1&category=136&item=&no=101576,pos
2026-09-30 15:41,전자신문,산업통상부 장관,[포토] 자율주행 로보택시 탄 김정관 장관,미래차 생태계 구축 협력 기업 간담회가 30일 서울 강남구 현대모비스에서 열렸다. 간담회를 마친 김정관 산업통상부 장관이 강남 일대에서 실증 운행 중인 자율주행 로보택시 시승을 하고 있다.,https://www.etnews.com/20260930000383,pos
2026-09-30 15:41,전자신문,산업통상부 장관,[포토] 자율주행 로보택시 시승하는 김정관 산업장관,미래차 생태계 구축 협력 기업 간담회가 30일 서울 강남구 현대모비스에서 열렸다. 간담회를 마친 김정관 산업통상부 장관이 강남 일대에서 실증 운행 중인 자율주행 로보택시 시승을 하고 있다.,https://www.etnews.com/20260930000385,pos
2026-09-30 15:40,lawtalknews,[단독],"[단독] ""스트레스 받아 그만둘래요"" 카톡 남기고 계정 비공개한 BJ…1억...","""요새 스트레스가 많다. 위약금을 알려달라."" ""내 정신건강, 몸 건강상 그만두는 게 맞을 것 같다."" 개인방송 BJ로 활동하던 B씨는 2025년 6월, 소속 기획사(MCN)인 A사 대표에게 돌연 이런 카카오톡 메시지를 보냈다....",https://lawtalknews.co.kr/article/7ECOI3M0CN6V,pos
2026-09-30 15:40,industrynews,알래스카 LNG,"트럼프, 韓 2000억달러 對美 투자 발표 예정…알래스카 LNG 포함",알래스카 LNG 사업은 확정된 프로젝트가 아니어서 트럼프 대통령이 이 사업에 대한 한국 측 투자를 기정사실로 발표할 가능성도 거론된다. 백악관은 트럼프 대통령이 30일 오후 3시 30분(미 동부시간·한국시간 10월1일...,https://www.industrynews.co.kr/news/articleView.html?idxno=86776,pos
2026-09-30 15:40,연합뉴스,POSCO INTERNATIONAL,KOSPI 200 Closing Price List-2,"12,000 POSCO INTERNATIONAL 56,900 UP 2,500 CJ CheilJedang 179,000 DN 300 TaekwangInd 910,000 UP 6,000 Hanssem 39,050 DN 1,100 F&F 68,600 DN 1,200 SamsungElecMech 1,513,000 DN 15,000 GS Retail 22...",https://en.yna.co.kr/view/AEN20260930008500320?input=2106m,pos
2026-09-30 15:40,bbsi,알래스카 LNG,"트럼프 대통령, 내일 새벽 '대미투자 계획' 직접 발표...알래스카 LNG 포...","로이터와 블룸버그통신 등에 따르면 트럼프 대통령의 발표에는 우리 정부가 확정한 텍사스 엔시날 가스복합화력발전 사업이외에도, 알래스카 LNG 개발 사업에 540억 달러, 우리 돈 약 73조 원을 투자하는 방안이 포함될...",https://news.bbsi.co.kr/news/articleView.html?idxno=4109539,pos
2026-09-30 15:40,eroun,산업통상부 장관,'M.AX 얼라이언스' 합류한 SWM.ai…강남 로보택시 실증 데이터 활용 확대,"산업통상부 김정관 장관은 이날 강남에서 운행 중인 SWM.ai 로보택시를 시승했다. 김 장관은 ""국내 기술 수준도 많이 발전된 것으로 느꼈고, 충분히 따라갈 수 있다고 생각한다""며 ""서로 잘하는 부분에 집중해서 협력하면...",https://www.eroun.net/news/articleView.html?idxno=91265,pos
2026-09-30 15:38,그린포스트코리아,포스코인터내셔널,트럼프 '알래스카 LNG' 韓 투자 꺼내나…포스코인터 등 관련 기업 촉각,사업이 현실화하면 포스코인터내셔널을 비롯해 국내 LNG·조선 관련 기업의 사업 기회도 커질 것으로 전망된다. 30일 로이터에 따르면 트럼프 대통령은 이르면 이날(현지시간) 한국의 대미 전략적 투자와 관련한 사업을...,https://www.greened.kr/news/articleView.html?idxno=351056,pos
2026-09-30 15:38,xportsnews,[속보],"[속보] '충격 선제실점' 이민성호, 해결사 이영준이 구했다…중국 상대...",중국에 선제골을 내준 이민성호가 대참사 위기에서 일단 살아났다. 전반 이른 시간 중국에 선제골을 내주며 끌려갔으나 해결사 이영준의 동점포가 터지며 균형을 맞췄다. 이민성 감독이 이끄는 대한민국 아시안게임...,https://www.xportsnews.com/article/2202518,pos
2026-09-30 15:38,그린포스트코리아,산업통상부 장관,"산업부·현대모비스·부품사, 차량용 반도체 국산화 맞손…반도체 자립...","30일 현대모비스에 따르면 산업통상부 주관의 제조업 혁신 협력체인 'M.AX 얼라이언스' AI 미래차 분과는 이날... 김정관 산업부 장관은 ""내연차 부품업계들이 각자 여건에 맞게 미래차·로봇·방산 등 새로운 영역으로...",https://www.greened.kr/news/articleView.html?idxno=351121,pos
2026-09-30 15:38,뉴스웨이,[단독],"[단독]락앤락, 中서 2년 연속 제품 리콜…화재 위험 이어 '감전 위험'",락앤락이 중국에서 판매한 에어프라이어 일부 제품에 대해 감전 위험으로 리콜을 진행 중인 것으로 확인됐다. 락앤락은 지난해에도 전기도시락이 화재 위험으로 리콜 명령을 받아 중국에서 2년 연속 안전 문제를 지적...,https://www.newsway.co.kr/news/view?ud=2026093014581960543,neg
2026-09-30 15:38,SBS,알래스카 LNG,'전강후약' 코스피 6800대 등락…환율 1350원대 공방,트럼프 미국 대통령이 내일(1일) 새벽 발표할 대미 투자 프로젝트에 73조 원 규모의 알래스카 LNG 개발 사업이 포함될 것이란 소식이 전해지면서 철강주는 강세를 보였습니다. 무역 관련주도 올랐는데요. 해상운임...,https://biz.sbs.co.kr/article_hub/20000337569?division=NAVER,pos
2026-09-30 15:38,아주경제,알래스카 LNG,"[알래스카 LNG 투자 딜레마] 한국은 결정도 안했는데…""트럼프, 540억$ 투...",알래스카 LNG 사업은 막대한 건설비와 장기간의 사업 지연 등으로 수익성에 대한 물음표가 큰 상태다. 상대적으로 상업적 합리성이 떨어지지는 만큼 이를 둘러싼 정부의 고심이 깊어지는 양상이다. 30일 외신 등에...,https://www.ajunews.com/view/20260930150810780,pos
2026-09-30 15:37,국민일보,[단독],[단독] 한강대교 호텔 ‘스카이스위트’ 외국인 숙박 비율 6%,서울 용산구 한강대교 위 호텔 ‘스카이스위트’ 외국인 숙박 비율이 6.6%에 불과한 것으로 집계됐다. 스카이스위트는 한강을 전 세계에 알리겠다는 취지로 서울시가 조성했는데 정작 외국인 이용객이 많지 않은...,https://www.kmib.co.kr/article/view.asp?arcid=9000018615&cp=nv,pos
2026-09-30 15:36,에너지경제,포스코홀딩스,"“ESS 믿고 올랐는데”…리튬 가격 추락, CATL·에코프로 등 ‘비상’ [...","포스코홀딩스는 이달 들어 약 9% 하락했고, 엘앤에프(-23%), 에코프로(-11%), LG에너지솔루션(-5%) 등도 일제히 내림세를 보이고 있다. 다만 일각에서는 최근 리튬 가격의 하락 폭이 지나치다는 지적도 나온다. 칠레 리튬...",https://www.ekn.kr/web/view.php?key=20260930025570445,neg
2026-09-30 15:36,아주경제,[속보],[속보] 코스피 32.77포인트(0.48%) 하락한 6838.04 마감,아주경제=최윤선 기자 solarchoi@ajunews.com 코스피 32.77포인트(0.48%) 하락한 6838.04 마감 코스닥 6.11포인트(0.72%) 하락한 855.91 마감,https://www.ajunews.com/view/20260930151701818,neg
2026-09-30 15:36,뉴스드림,포스코인터내셔널,[KBW2026] 하나금융이 블록체인 콘퍼런스에 간 까닭,"또 하나금융은 두나무, 포스코인터내셔널과 함께 작년부터 블록체인에 기반한 해외송금 개발에도 속도를 내고 있다. 3사는 △블록체인 기반 해외송금 서비스 구축 △글로벌 자금관리, 지급결제 효율화 금융 인프라...",http://www.newsdream.kr/news/articleView.html?idxno=119128,pos
2026-09-30 15:36,한국일보,종합상사,"'AI 정주영'의 당부 ""길이 없으면 만들라""","길이 없으면 길을 만들어 나가면 된다."" 29일 서울 용산구 그랜드하얏트서울에서 열린 현대코퍼레이션(전 현대종합상사) 창립 50주년 기념식에 2001년 작고한 고(故) 정주영 현대그룹 명예회장이 등장했다. 인공지능(AI)...",https://www.hankookilbo.com/news/article/A2026093013020005950?did=NA,pos
2026-09-30 15:35,블로터,[단독],"[단독] 카카오, '카페 통합 금액권' 제휴 타진…선물하기 영역 넓힌다",카카오가 여러 프랜차이즈 카페에서 사용할 수 있는 '통합 금액권' 도입을 위해 커피 브랜드들과 제휴를 논의하고 있다. 카카오톡 선물하기에서 개별 브랜드 금액권을 판매하는 데서 나아가 여러 브랜드를 하나의...,https://www.bloter.net/news/articleView.html?idxno=674722,pos
2026-09-30 15:35,서울경제,[단독],"[단독]또 뚫렸다...BTCC, 새 앱으로 불법영업 재개",미신고 영업으로 앱 다운로드가 차단됐던 해외 코인거래소가 불과 2개월 만에 국내 시장에 우회 진입했다. 기존 지갑 앱에 가상화폐 거래 기능을 추가하고 막혔던 거래소 앱의 회원 정보와 원화 입금 기능을 연동해...,https://www.sedaily.com/article/20096633?ref=naver,neg
2026-09-30 15:35,조선일보,[속보],"[속보] 원·달러 환율, 3.9원 내린 1352.8원",미 달러화 대비 원화 환율(원·달러 환율)은 30일 오후 3시 30분 1352.8원으로 주간 거래를 마쳤다. 직전 거래일 주간 종가(1356.7원)보다 3.9원 하락했다. 3분기 말이라 수출업체의 달러화 매도(네고) 물량이 나오면서...,https://biz.chosun.com/policy/policy_sub/2026/09/30/DTQFQOY7K5FUNAIGUFG5I5CMTU/?utm_source=naver&utm_medium=original&utm_campaign=biz,neg
2026-09-30 15:35,뉴시스,[속보],"[속보]코스닥, 6.11포인트(0.72%) 오른 855.91 마감",후속기사가 이어집니다,https://www.newsis.com/view/NISX20260930_0003809174,pos
2026-09-30 15:34,이투데이,[속보],[속보] 코스닥 6.11p(0.72%) 오른 855.91(마감),이투데이=서청석 기자 | 코스닥 6.11p(0.72%) 오른 855.91(마감),https://www.etoday.co.kr/news/view/2631001,pos
2026-09-30 15:34,taxtimes,희토류,"김상훈 의원 ""해외자원개발 세액공제 최대 10%·제련시설까지 확대""",반도체·2차전지·로봇·방위산업 등 첨단산업 성장에 따른 핵심광물(리튬·흑연·코발트·니켈·희토류 등) 수요 급증에 대응한다는 취지다. 현행 법은 해외자원개발사업자가 광업권·조광권 등을 취득할 때 투자금액의 3%를...,https://www.taxtimes.co.kr/news/article.html?no=277108,pos
2026-09-30 15:34,goal,[속보],"[속보] ‘대충격’ 한국, 전반 22분 만에 선제 실점…중국에 0대 1 끌려...",초반부터 경기를 주도하고도 중국의 거친 플레이에 고전하던 한국이 선제 실점을 헌납했다. 이민성 감독이 이끄는 한국은 30일 오후 3시 일본 오사카의 나가이 스타디움에서 킥오프한 2026 아이치·나고야 아시안게임...,https://www.goal.com/kr/뉴스/a/blt5207dbd7638a7b8b,pos
2026-09-30 15:34,이투데이,[속보],[속보] 코스피 32.77p(0.48%) 내린 6838.04(마감),이투데이=서청석 기자 | 코스피 32.77p(0.48%) 내린 6838.04(마감),https://www.etoday.co.kr/news/view/2631002,pos
2026-09-30 15:34,newsfarm,[단독],"[단독] 이재명 정부, 농어촌공사 '태양광 에너지 의무적 생산' 검토···...","한국농업신문, NEWSFARM 한국농어촌공사 '재생에너지 보급의무자' 지정 논의 중 목표 미달에 과징금…최악의 경우 '조 단위' 부담 추정 농업용수 관리재원 압박…생산기반 본래 기능 훼손 우려 ""CPTPP가입 검토 이어 농업계에...",http://www.newsfarm.co.kr/news/articleView.html?idxno=102503,neg
2026-09-30 15:34,잡포스트,포스코인터내셔널,포스코인터내셔널 4.60% 상승…셰일가스 확장에 시선,"포스코인터내셔널은 7월 30일 2026년 2분기 연결 매출 9조6232억원, 영업이익 4290억원을 발표했다. 전 분기보다 매출은 14.4%, 영업이익은 20.0% 증가했다. 30일 유가증권시장에서 포스코인터내셔널의 주가 방향은...",https://www.job-post.co.kr/news/articleView.html?idxno=229993,pos
2026-09-30 15:34,이데일리,[속보],"[속보]코스피, 0.48% 내린 6838...코스닥, 0.72% 상승 마감",,https://www.edaily.co.kr/News/Read?newsId=04336166645585368&mediaCodeNo=257&utm_source=naver&utm_medium=referral&utm_campaign=news_syndication&utm_content=original_article,pos
2026-09-30 15:34,이데일리,[속보],"[속보]코스피, 사흘째 내리막 6800선 후퇴…외국인 오늘도 폭풍매도",30일 코스피가 외국인의 대규모 매도세 속에 낙폭을 지키며 6838선에서 거래를 마쳤다. 이날 코스피는 유가 하락과 장기 금리 상승이 엇갈리는 매크로 환경 속에 이날 밤 발표되는 마이크론 실적을...,https://www.edaily.co.kr/News/Read?newsId=04336166645585368&mediaCodeNo=257&utm_source=naver&utm_medium=referral&utm_campaign=news_syndication&utm_content=original_article,pos
2026-09-30 15:32,잡포스트,포스코,포스코퓨처엠 17만9100원…2분기 영업익 267억원,30일 오후 3시17분 기준 포스코퓨처엠 주가는 유가증권시장에서 17만9100원에 거래되고 있다. 전... 포스코퓨처엠 주가가 30일 오름세를 나타냈다. 장중 고저 차와 최근 공시가 종목의 변동성을 설명하는 두...,https://www.job-post.co.kr/news/articleView.html?idxno=229989,pos
2026-09-30 15:32,조선일보,[속보],"[속보] 男축구, 전반 22분 중국에 선제골 헌납",아시안게임 4연패(連霸)를 노리는 한국 남자 축구에 빨간불이 켜졌다. 중국의 역습 한 방에 선제골을 헌납하며 끌려가고 있다. 이민성 감독이 이끄는 한국 남자 축구 대표팀은 30일 오후 일본 오사카 나가이 스타디움에서...,https://www.chosun.com/sports/sports_special/2026/09/30/3UIXEB2GKBDY5OQVT74APRPVWU/?utm_source=naver&utm_medium=referral&utm_campaign=naver-news,pos
2026-09-30 15:32,뉴시스,[속보],"[속보]원·달러 환율, 3.9원 내린 1352.8원 마감",후속기사가 이어집니다,https://www.newsis.com/view/NISX20260930_0003809172,pos
2026-09-30 15:32,조선일보,[속보],[속보] 이영준 전반 33분 헤더 동점골… 중국과 1-1 균형,아시안게임 4연패(連霸)를 노리는 한국 남자 축구가 중국과 팽팽한 공방을 주고받고 있다. 이민성 감독이 이끄는 대표팀은 30일 오후 일본 오사카 나가이 스타디움에서 아이치 나고야 아시안게임 4강전을 치르고 있다....,https://www.chosun.com/sports/sports_special/2026/09/30/3UIXEB2GKBDY5OQVT74APRPVWU/?utm_source=naver&utm_medium=referral&utm_campaign=naver-news,pos
2026-09-30 15:32,조선일보,[속보],"[속보] 男축구, 4강전 중국과 1-1 전반 종료… 이영준 동점골",아시안게임 4연패(連霸)를 노리는 한국 남자 축구가 중국과 팽팽한 공방을 주고받으며 전반전을 1-1로 마쳤다. 이민성 감독이 이끄는 대표팀은 30일 오후 일본 오사카 나가이 스타디움에서 아이치 나고야 아시안게임...,https://www.chosun.com/sports/sports_special/2026/09/30/3UIXEB2GKBDY5OQVT74APRPVWU/?utm_source=naver&utm_medium=referral&utm_campaign=naver-news,pos
2026-09-30 15:31,뉴시스,[속보],"[속보]코스피, 32.77포인트(0.48%) 하락한 6838.04 마감",후속기사가 이어집니다,https://www.newsis.com/view/NISX20260930_0003809166,neg
2026-09-30 15:31,강원일보,[속보],[속보] 여고생 이채원 양 성폭행할 목적으로 납치하려다 살해한 장윤기...,속보= 광주에서 여고생 이채원(16) 양을 성폭행할 목적으로 납치하려다가 살해한 장윤기(23)에게 1심에서 무기징역형이 내려졌다. 광주지법 형사13부(이정호 부장판사)는 30일 성폭력범죄의 처벌 등에 관한 특례법상...,https://www.kwnews.co.kr/article/20260930500965,neg
2026-09-30 15:31,디지털데일리,희토류,"LS에코에너지, 비중국권 최초 방산용 희토류 생산…베트남에 116억 투자",LS에코에너지가 비중국권 중 처음으로 방위산업용 희토류 금속 생산 거점을 구축하고 글로벌 핵심 소재... 이번 투자는 LS에코에너지와 중국 외 지역에서 희토류를 분리·상업 생산하는 유일한 기업인 호주...,https://www.ddaily.co.kr/page/view/2026093014552302361,pos
2026-09-30 15:31,노컷뉴스,산업통상부 장관,미래차 생태계 '함께 크는 M.AX' 첫 성과…자율주행·반도체 5건 협력,산업통상부는 30일 서울 현대모비스 본사에서 '미래차 생태계 구축 협력' 업무협약식을 열고 기업 간담회를... 김정관 산업부 장관은 간담회 이후 강남 일대에서 실증 운행 중인 로보택시에 약 10분간 탑승해 자율주행...,https://www.nocutnews.co.kr/news/6585204?utm_source=naver&utm_medium=article&utm_campaign=20260930033101,pos
2026-09-30 15:30,lawtalknews,[단독],[단독] 배우는 왜 출국 당일 노쇼 했나…'2.7억 소송' 뒤에 숨겨진 기획...,"해외 연극제 무대에 오르기로 한 유명 배우가 출국 당일 돌연 영국행 비행기에 타지 않았다면, 그 책임은 누구에게 있을까. 공연 기획사는 ""배우의 일방적인 노쇼(No-show)로 공연이 무산됐다""며 2억 7,000만 원대의...",https://lawtalknews.co.kr/article/FCCROTHXEVPL,neg
2026-09-30 15:30,더구루,희토류,"美 코브 캐피털, 중앙아시아 핵심광물 투자 확대…트럼프 자원 확보 정...",합병 법인은 '카즈 리소시스'라는 이름으로 텅스텐과 희토류 등 핵심광물을 미국에 공급할 계획이다. 카자흐스탄 카라간다주 북부 카트파르 텅스텐 프로젝트 현장. (사진=카자흐스탄 카라간다주 정부),https://www.theguru.co.kr/news/article.html?no=107693,pos
2026-09-30 15:30,연합뉴스TV,[단독],[단독] 병가 내고 해외여행…그래도 '쉬쉬' 이유는?,"최다훈 기자의 단독 보도입니다. [기자] 대전에 위치한 우정사업본부 중부권광역우편물류센터. 지난 1월, 병가를 내고 해외여행을 다녀온 직원들을 조사해 달라는 제보가 센터 측에 접수됐습니다. 이후 직원 39명에 대한...",http://www.yonhapnewstv.co.kr/news/MYH20260930152937Z0W,pos
2026-09-30 15:30,매일경제,희토류,"LS에코에너지, 베트남에 비중국권 최초 방산용 희토류 생산거점 구축",116억원 투자해 사마륨 생산시설 구축 LS에코에너지가 비중국권 최초로 방산용 희토류 금속 생산에... 라이너스는 중국 외 지역에서 희토류를 분리·상업 생산하는 유일한 기업이다. LS에코에너지는 디스프로슘(Dy)...,https://www.mk.co.kr/article/12164896,pos
2026-09-30 15:30,더구루,희토류,"美코브캐피털, 중앙아시아 핵심광물 투자 확대…트럼프 자원 확보 정책...",합병 법인은 '카즈 리소시스'라는 이름으로 텅스텐과 희토류 등 핵심광물을 미국에 공급할 계획이다. 카자흐스탄 카라간다주 북부 카트파르 텅스텐 프로젝트 현장. (사진=카자흐스탄 카라간다주 정부),https://www.theguru.co.kr/news/article.html?no=107693,pos
2026-09-30 15:29,연합뉴스,알래스카 LNG,'추가 검토' 분류된 알래스카 LNG…트럼프 발표로 흔들리나,백악관은 발표 내용을 구체적으로 공개하지 않았지만 로이터·블룸버그통신은 한국이 알래스카 LNG 개발 사업에 540억 달러(약 73조원)를 투자하는 내용이 포함될 전망이라고 보도했다. 이들 매체가 거론한 540억 달러는...,https://www.yna.co.kr/view/AKR20260930135300003?input=1195m,pos
2026-09-30 15:29,문화일보,[속보],[속보]서울 대학캠퍼스서 외국인이 20대女 찌르고 출국…경찰 추적,30대 외국인 남성이 서울 시내 한 대학교에서 지인 여성을 흉기로 찌른 뒤 출국해 경찰이 행방을 쫓고 있다. 30일 경찰에 따르면 서울 성북경찰서는 30대 외국인 A 씨를 추적하고 있다. A 씨는 전날 오전 11시 50분쯤 서울...,https://www.munhwa.com/article/11620584?ref=naver,pos
2026-09-30 15:29,busan,[속보],"[속보] 특검, '계엄 해제표결 방해' 추경호에 징역 20년 구형",비상계엄 사태 당시 국민의힘 의원들의 계엄 해제 표결을 방해한 혐의로 기소된 추경호 대구시장에게 중형이 구형됐다. 30일 연합뉴스 등에 따르면 조은석 내란특별검사팀은 이날 서울중앙지법 형사합의34부(한성진...,https://www.busan.com/view/busan/view.php?code=2026093014594674502,neg
2026-09-30 15:28,메트로신문,희토류,"LS에코에너지, 베트남에 방산용 희토류 거점 구축…美 공급망 규제 대응",/LS에코에너지 LS에코에너지가 방산용 희토류 금속 생산으로 비중국 공급망 사업을 확대한다. 미국의... LS에코에너지는 호주 희토류 기업 라이너스(Lynas)와의 협력을 바탕으로 원료를 확보한다. 양사는 지난 7월 각각...,http://www.metroseoul.co.kr/article/20260930500367,pos
2026-09-30 15:28,YTN,[단독],"[단독] 육군 25사단, 무인 지뢰탐지 로봇 2대 보유...'DMZ 사고' 사흘 전...","이른바 'DMZ 지뢰 폭발 사고'를 입은 장병들이 소속된 육군 사단이, 무인으로 지뢰를 탐지하거나 제거가 가능한 로봇을 보유하고도 임무에 투입하지 않은 것으로 확인됐습니다. 복수의 군 관계자는 YTN에 육군 25사단이...",https://www.ytn.co.kr/_ln/0101_202609301528522331,neg
2026-09-30 15:28,sportschosun,[속보],"[속보]대한민국 초유의 대위기, 중국전 3연패 대참사 나오나...이민성호...",이민성호가 충격적인 경기를 선보이고 있다. 이민성 감독이 이끄는 대한민국 축구 아시안게임 대표팀은 30일 오후 3시 일본 오사카의 나가이 스타디움에서 중국과 2026년 아이치-나고야 아시안게임 4강전을 치르는...,https://www.sportschosun.com/football/2026-09-30/202609300100204090013602,pos
2026-09-30 15:28,디지털타임스,[속보],[속보] ‘계엄해제 표결 방해 혐의’ 국힘 추경호…내란특검 “징역 20년...,2024년 12·3 비상계엄 당시 국민의힘 원내대표로서 윤석열 대통령에게 협력해 당 소속 의원들의 계엄해제 국회 결의안 표결 참여를 방해한 의혹을 받는 추경호 현 대구시장에게 징역 20년이 구형됐다. 내란특검팀...,https://www.dt.co.kr/article/12086694?ref=naver,pos
2026-09-30 15:26,MBN,알래스카 LNG,[집중취재] 발표 임박한 대미투자…마지막 관문은 '트럼프 결단',【 앵커멘트 】 내일 새벽 발표에서 눈여겨봐야 할 사안 중 하나가 바로 '알래스카 LNG 사업'입니다. 외신을 보면 트럼프 대통령이 이 사업에 한국이 540억 달러를 투자한다고 발표할 가능성이 크다고 보고 있다고요....,http://mbnmoney.mbn.co.kr/news/view?news_no=MM1005928998,pos
2026-09-30 15:26,xportsnews,[속보],[속보] 대충격! 이민성호 오사카 대참사 위기…'중국 메시' 왕위동에 선...,이민성호가 아시안게임 4강 탈락이라는 대참하 위기에 직면했다. 전반 이른 시간 중국에 선제골을 내주며 끌려가고 있다. 이민성 감독이 이끄는 대한민국 아시안게임 남자 축구대표팀은 30일 오후 3시부터 일본 오사카...,https://www.xportsnews.com/article/2202510,pos
2026-09-30 15:26,segyebiz,산업통상부 장관,"SWM.ai, ‘M.AX 얼라이언스’와 손잡고 로보택시 무인화 원천 데이터 확...",서울 도심 실증 역량 결집… 자율주행 SW AI 고도화 및 이기종 데이터 공유 추진 본격적인 강남 도심 로보택시 시승을 앞두고 산업통상부 김정관 장관(왼쪽)에게 SWM.ai의 로보택시 기술을 설명하는 김기혁 대표. 사진=SWM....,http://www.segyebiz.com/newsView/20260930513960?OutUrl=naver,pos
2026-09-30 15:25,joseilbo,[속보],"[속보] 특검, '계엄표결 방해' 추경호에 징역 20년 구형",내란 특검팀(조은석 특별검사)이 12·3 비상계엄 사태 당시 국민의힘 의원들의 계엄 해제 표결을 방해한 혐의를 받는 추경호 대구시장에게 징역 20년을 구형했다. 추 시장은 계엄 당시 원내대표였다. 30일 법조계에 따르면...,http://www.joseilbo.com/news/news_read.php?uid=576603&class=32&grp=,pos
2026-09-30 15:24,한국경제,포스코,"인천경제청, 포스코A&C 등과 함께 ‘행복한 공부방' 추진","도배·장판·조명 등을 개선하고, 책상·책장 등의 물품을 지원한다. 올해는 머크코리아, 아이센스, HL 클레무브, 이너트론, 티오케이첨단재료, 포스코A&C, 한국미쓰비시엘리베이터, 현대제철 8개 기업이 참여한다. 인천=",https://www.hankyung.com/article/202609304921h,pos
2026-09-30 15:24,thebigdata,종합상사,"정몽혁 회장 “현대코퍼레이션그룹 창립 50주년, 지솟가능 일류기업 되...",1976년 정주영 명예회장의 수출입국(輸出立國) 철학 아래 설립된 현대종합상사는 현대그룹의 수출창구로서 전 세계에 새로운 판로를 개척하며 대한민국을 대표하는 종합상사로 성장해 나갔다. 호주 드레이튼 탄광과...,https://www.thebigdata.co.kr/view.php?ud=202609301516372555570d99e4c8_23,pos
2026-09-30 15:24,경향신문,산업통상부 장관,"​SWM.ai, ‘M.AX 얼라이언스’ 로보택시 실증 참여…강남 경험 바탕 무...",이날 김정관 산업통상부 장관은 에스더블유엠 로보택시에 탑승해 강남 일대에서 자율주행 기술을 체험했다. 김기혁 에스더블유엠 대표는 “우리가 확보한 기술과 실도로 경험을 K-로보택시라는 산업 모델로 만들어 해외...,https://www.khan.co.kr/article/202609301524018,pos
2026-09-30 15:24,동아일보,[속보],"[속보]특검, ‘계엄 해제 방해 혐의’ 추경호 징역 20년 구형",12·3 비상계엄 사태 당시 국민의힘 의원들의 계엄 해제 표결 참여를 방해한 혐의로 기소된 추경호 대구시장에게 내란특검(특별검사 조은석)이 징역 20년의 중형을 구형했다. 특검팀은 30일 서울중앙지법 형사합의34부...,https://www.donga.com/news/Politics/article/all/20260930/134760731/1,neg
2026-09-30 15:23,SBS,알래스카 LNG,"[오후장 체크포인트] 10월이 오히려 기회의 달? ""현금 비중 확보해놓자...","특히 알래스카 LNG 개발 사업에 540억 달러 투자도 발표에 포함된다는 소식에, 철강주와 강관주 크게 뛰고 있는 모습이긴 한데요. 대미투자 수혜주로 본부장님은 어딜 보시는지요? 최근 원전 관련주 가운데 한전 KPS의 경우...",https://biz.sbs.co.kr/article_hub/20000337536?division=NAVER,pos
2026-09-30 15:23,spotvnews,[속보],[속보] '승승승' 페이커 없어도 문제없다! 케리아 바드를 풀어? 한국 전...,한국 리그 오브 레전드(LoL) 대표팀이 3전 전승으로 손쉽게 4강행 티켓을 손에 쥐었다. 벌써부터 2회 연속 전승 금메달에 대한 기대감이 커지고 있다. 한국 대표팀은 30일 일본 아이치현 도코나메 아이치 스카이 엑스포에서...,https://www.spotvnews.co.kr/news/articleView.html?idxno=1010583,neg
2026-09-30 15:22,대한경제,산업통상부 장관,"로보택시 국내 선도기업 SWM, ‘M.AX 얼라이언스’ 참여","특히, 이날 행사에 참석한 산업통상부 김정관 장관은 강남에서 운행중인 SWM의 로보택시 시승 이후 ""국내 기술 수준도 많이 발전된 것으로 느꼈고, 충분히 따라갈 수 있다고 생각한다""며, ""서로 잘하는 부분에 집중해서...",https://www.dnews.co.kr/uhtml/view.jsp?idxno=202609301507474320969,pos
2026-09-30 15:21,경기일보,[속보],[속보] “우리 결혼식 하는데 어쩌지”…개천절 연휴 서울 곳곳 ‘통째...,개천절에 서울 곳곳에서 축제가 한꺼번에 열리면서 주요 도로가 잇따라 통제될 예정이다. 특히 일부 구간은 연휴 기간 최대 사흘 넘게 차량 통행이 제한돼 나들이객뿐 아니라 결혼식 하객 등 시민들의 교통 불편도...,https://www.kyeonggi.com/article/20260930580193,pos
2026-09-30 15:21,경기일보,[속보],[속보] “우리 결혼식 하는데 어떡해”…개천절 연휴 서울 곳곳 ‘통째...,개천절에 서울 곳곳에서 축제가 한꺼번에 열리면서 주요 도로가 잇따라 통제될 예정이다. 특히 일부 구간은 연휴 기간 최대 사흘 넘게 차량 통행이 제한돼 나들이객뿐 아니라 결혼식 하객 등 시민들의 교통 불편도...,https://www.kyeonggi.com/article/20260930580193,pos
2026-09-30 15:20,cjb,[속보],"[속보] '층간 소음 살해' 양민준...검찰, 2심도 ‘무기징역’",층간 소음 문제로 70대 위층 주민과 다툼이 생기자 흉기를 휘둘러 살해하고 아파트 관리사무소를 부순 양민준(48)씨의 항소심에서 검찰이 무기징역을 구형했습니다. 대전고법 제1-2형사부(부장판사 이선미)는 30일 오후 2시...,https://www.cjb.co.kr/home/sub.php?menukey=61&mod=view&P_NO=260930508&PRO_CODE=99,neg
2026-09-30 15:20,safetimes,알래스카 LNG,"트럼프, 알래스카 LNG 포함 한국 대미투자 발표 예고",로이터통신은 복수의 소식통을 인용해 트럼프 대통령이 한국의 대미 전략투자 재원 2000억달러 가운데 약 540억달러를 알래스카 LNG 사업과 미국 내 주요 인프라 사업에 활용하는 방안을 발표할 수 있다고 29일 보도했다....,https://www.safetimes.co.kr/news/articleView.html?idxno=246128,pos
2026-09-30 15:18,skbroadband,[속보],[속보] 부산 사하구 낙동대로 도로 땅꺼짐…2개 차로 통제,"오늘 부산 사하구 낙동대로에서 도로 땅꺼짐이 발생해 차량 통행이 일부 통제되고 있습니다. 사하구에 따르면 동아대 앞 낙동대로 하단 방면 2개 차로에서 폭 2미터, 깊이 2미터 규모의 땅꺼짐이 발생했습니다. 현재까지...",https://news.skbroadband.com/news/articleView.html?idxno=239035,pos
2026-09-30 15:18,디지털타임스,[속보],[속보] “소득·재산 안따지고 다 준다”…1인당 10만원씩 통 크게 쏘는...,강원 강릉시가 고물가·고금리로 위축된 지역경제를 활성화하고 시민 생활 안정을 돕기 위해 전 시민을 대상으로 민생안정지원금을 지급한다. 30일 시에 따르면 강릉시의회에서 ‘강릉시 민생안정지원금 지급 조례’와...,https://www.dt.co.kr/article/12086690?ref=naver,pos
2026-09-30 15:18,이데일리,광양 LNG,"가스전부터 발전소까지 20년…SKI E&S, 글로벌 LNG 플레이어 도약 시동",그 출발점은 2006년 인도네시아 탕구 프로젝트와의 LNG 장기계약을 통한 광양발전소 LNG 직도입이었다. 당시 LNG 장기계약은 공급자와 수요자가 특정 터미널을 지정해 도착지에서 인도하는 이른바 ‘포인트 투...,https://www.edaily.co.kr/News/Read?newsId=04267286645585368&mediaCodeNo=257&utm_source=naver&utm_medium=referral&utm_campaign=news_syndication&utm_content=original_article,pos
2026-09-30 15:18,yeongnam,[속보],"[속보] 내란특검, ‘계엄해제 표결 방해’ 추경호 ‘징역 20년’ 구형",내란특검이 12·3 비상계엄 당시 국회 계엄 해제 표결 행위를 방해한 혐의로 재판에 넘겨진 추경호 대구시장에게 징역 20년을 구형했다.이동현(사회)기자 leedh@yeongnam.com,https://www.yeongnam.com/web/view.php?key=20260930026201504,pos
2026-09-30 15:18,이데일리,광양 LNG,"가스전부터 발전소까지 20년…SKI E&S, 글로벌 LNG 플레이어 도약",그 출발점은 2006년 인도네시아 탕구 프로젝트와의 LNG 장기계약을 통한 광양발전소 LNG 직도입이었다. 당시 LNG 장기계약은 공급자와 수요자가 특정 터미널을 지정해 도착지에서 인도하는 이른바 ‘포인트 투...,https://www.edaily.co.kr/News/Read?newsId=04267286645585368&mediaCodeNo=257&utm_source=naver&utm_medium=referral&utm_campaign=news_syndication&utm_content=original_article,pos
2026-09-30 15:17,sidae,알래스카 LNG,"""한국이 73조원 투자""…트럼프, 알래스카 LNG 발표 임박",로이터통신은 논의 상황에 정통한 소식통 2명을 인용해 트럼프 대통령이 30일 한국의 전략투자금을 알래스카 LNG를 비롯한 미국 내 여러 대형 사업에 쓰는 계획을 발표할 수 있다고 보도했다. 블룸버그통신도 알래스카...,https://www.sidae.com/article/2026093011250199013,pos
2026-09-30 15:16,newsworks,[속보],"[속보] 특검, '계엄 해제표결 방해 혐의' 추경호에 징역 20년 구형",조은석 특별검사팀(내란특검)은 30일 서울중앙지법 형사합의34부(한성진 부장판사)에서 진행한 내란 중요임무 종사 혐의 사건 결심공판에서 추경호 대구시장에게 징역 20년을 구형했다.,https://www.newsworks.co.kr/news/articleView.html?idxno=855185,pos
2026-09-30 15:16,jejusori,전력수급기본계획,제주도 '자율주행 실증도시' 시동...내년 국비 2000억원 목표,"추자·부유식 해상풍력의 제12차 전력수급기본계획 반영과 2028년 주요 20개국(G20) 정상회의 제주 유치, 2차 공공기관 이전, 도민 항공이동권 보장과 제주공항 소음대책 확대, 제주신항 개발을 위한 제주항 국가관리항...",https://www.jejusori.net/news/articleView.html?idxno=506996,pos
2026-09-30 15:16,kbmaeil,[속보],"[속보] 특검, ‘계엄 해제표결 방해’ 추경호에 징역 20년 구형","특검, ‘계엄 해제표결 방해’ 추경호에 징역 20년 구형",https://www.kbmaeil.com/article/20260930500510,pos
2026-09-30 15:15,동아일보,[속보],"[속보]특검, ‘계엄 해제 방해 혐의’ 추경호 징역 20년 구형","특검, ‘계엄 해제 방해 혐의’ 추경호 징역 20년 구형",https://www.donga.com/news/Politics/article/all/20260930/134760612/1,pos
2026-09-30 15:12,에너지경제,산업통상부 장관,기로에 선 李 친문에 손 내밀 듯,"정책실장 후보군에는 김정관 산업통상부 장관, 김성식 국민경제자문회의 부의장, 이한주 경제인문사회연구회 이사장, 권대영 금융위원회 부위원장, 윤창렬 전 국무조정실장 등이 오르내린다. 이 가운데 김 부의장은...",https://www.ekn.kr/web/view.php?key=20260930021200475,pos
2026-09-30 15:11,서울신문,알래스카 LNG,트럼프 ‘추후 협의’ 알래스카 LNG 투자 발표하나...선거 노림수 관측,"한국은 알래스카 LNG 사업의 경우 수익성을 따져보기 위해 ‘추후 협의’ 대상으로 분류한 상태인데, 트럼프 대통령이 투자를 기정사실화하며 밀어붙이는 것 아니냐는 우려가 나온다. 29일 블룸버그와 로이터통신 등에...",https://www.seoul.co.kr/news/international/2026/09/30/20260930500162?wlog_tag3=naver,pos
2026-09-30 15:10,dgmbc,희토류,"[글로벌+] 화려한 의전에도 '빈손' 미중회담···트럼프, 일부 언론사 ...","관세, 희토류 등의 문제로 중국과 갈등을 빚었던 미국이 정상회담을 맞아 파격적인 의전을 보였지만 별다른... 불과 얼마 전까지만 해도 미국과 중국이 관세와 희토류 문제를 놓고 상당히 거칠게 충돌했었고, 또 트럼프도...",https://dgmbc.com/NewsArticle/864900,neg
2026-09-30 15:10,뉴스1,포스코,광양대전환 정책발굴 1위는 '광양시+항만공사+포스코 캐릭터 굿즈숍',"전남광주통합특별시 광양시는 직원들의 투표 결과 '광양시+항만공사+포스코, 광양시 캐릭터 굿즈샵 운영 및... 직원 투표 결과 총무과의 '광양시+항만공사+포스코 광양시 캐릭터 굿즈샵 운영 및 시 재원 확보'가 1위...",https://www.news1.kr/local/gwangju-jeonnam/6306193,pos
2026-09-30 15:10,dizzo,산업통상부 장관,"SWM.ai, 로보택시 ‘M.AX 얼라이언스’ 참여… 실증·데이터 협력 확대",이날 행사에서는 김정관 산업통상부 장관이 SWM.ai 로보택시에 탑승해 강남 일대에서 자율주행 기술을 체험했다. 김 장관은 시승 후 “국내 기술 수준도 많이 발전된 것으로 느꼈고 충분히 따라갈 수 있다고 생각한다”...,http://digitalchosun.dizzo.com/site/data/html_dir/2026/09/30/2026093080125.html,pos
2026-09-30 15:09,한국경제,산업통상부 장관,"SWM.ai, 'M.AX 얼라이언스' 참여…로보택시 실증·데이터 구축 협력","행사에 참석한 김정관 산업통상부 장관은 강남에서 운행중인 SWM.ai의 로보택시를 시승한 후 “국내 기술 수준도 많이 발전된 것으로 느꼈고, 충분히 따라갈 수 있다고 생각한다”며, “서로 잘하는 부분에 집중해서...",https://www.hankyung.com/article/202609304787O,pos
2026-09-30 15:08,economist,산업통상부 장관,"SWM.ai, ‘M.AX 얼라이언스’ 참여…로보택시 실증·데이터 생태계 구축...",이날 김정관 산업통상부 장관은 강남에서 운행 중인 SWM.ai 로보택시를 시승한 뒤 국내 자율주행 기술 수준과 기업 간 협업의 중요성을 언급했다. 김 장관은 각 기업과 기관이 강점을 중심으로 협력할 경우 국내 로보택시...,https://economist.co.kr/article/view/ecn202609300029,pos
2026-09-30 15:06,ksilbo,산업통상부 장관,"로보택시 기술기업 SWM.ai, 'M.AX 얼라이언스' 참여",본격적인 강남 도심 로보택시 시승을 앞두고 산업통상부 김정관 장관(왼쪽)에게 SWM.ai의 로보택시 기술을 설명하는 김기혁 대표 로보택시 기술기업 SWM.ai(에스더블유엠)는 30일 서울 역삼동 현대모비스 본사에서 열린...,https://www.ksilbo.co.kr/news/articleView.html?idxno=1068573,pos
2026-09-30 15:06,jemin,전력수급기본계획,국회 예산 심의 앞두고 '제주 투자' 촉구,"추자·부유식 해상풍력의 제12차 전력수급기본계획 반영과 2028년 G20 정상회의 제주 유치, 2차 공공기관 이전, 도민 항공이동권 보장과 제주공항 소음대책 확대, 제주신항 개발을 위한 제주항 국가관리항 전환 등이다. 또...",https://www.jemin.com/news/articleView.html?idxno=843602,pos
2026-09-30 15:06,joongangenews,포스코,"포스코퓨처엠 주가, 9월 30일 장중 178,900원 2.00% 상승","따르면 포스코퓨처엠 주가는 9월 30일 상승 흐름을 나타내며 17만원 후반대에서 움직이고 있다.... 포스코퓨처엠의 PER은 353.56배로, 동일업종 PER 2941.16배와 비교하면 낮은 수준이다. KOSPI 시장에서...",https://www.joongangenews.com/news/articleView.html?idxno=551630,pos
2026-09-30 15:04,동아일보,[단독],[단독]“AI 농업 혁신” 외치더니… 120억 농업 로봇 창고에서 먼지만,농촌진흥청의 농업용 로봇 상용화 지원사업이 현장에서 잦은 고장과 사후관리 미흡으로 겉돌고 있는 것으로 나타났다. 인공지능(AI)을 농업에도 결합해 미래농업을 선도하겠다는 취지와 달리 농업용 로봇 수십 대가 1년...,https://www.donga.com/news/Politics/article/all/20260930/134760136/1,pos
2026-09-30 15:04,메트로신문,희토류,"LS에코에너지, 베트남에 방산용 희토류 거점 구축…美 공급망 규제 대응",/LS에코에너지 LS에코에너지가 방산용 희토류 금속 생산으로 비중국 공급망 사업을 확대한다. 미국의... LS에코에너지는 호주 희토류 기업 라이너스(Lynas)와의 협력을 바탕으로 원료를 확보한다. 양사는 지난 7월 각각...,http://www.metroseoul.co.kr/article/20260930500105,pos
2026-09-30 15:02,비즈니스코리아,산업통상부 장관,"로보택시 국내 선도기업 SWM.ai, 'M.AX 얼라이언스' 참여","특히, 이날 행사에 참석한 산업통상부 김정관 장관은 강남에서 운행중인 SWM.ai의 로보택시 시승 이후 ""국내 기술 수준도 많이 발전된 것으로 느꼈고, 충분히 따라갈 수 있다고 생각한다""며, ""서로 잘하는 부분에 집중해서...",https://www.businesskorea.co.kr/news/articleView.html?idxno=277943,pos
2026-09-30 15:02,아주경제,광양 LNG,"14년 키운 바로사, 드디어 결실...SK이노 E&S, LNG 공급망 독립 속도↑","2006년 광양발전소에서 LNG 직도입을 시작한 이후 호주 바로사와 미국 우드포드 가스전, 미국 프리포트와 다윈 LNG 액화설비, LNG 운반선 4척을 운영하고 국내 발전소와 산업체 수요까지 생산·액화·운송·소비 전...",https://www.ajunews.com/view/20260930113433094,pos
2026-09-30 15:02,이데일리,[단독],[단독]태양광 부업으로 3억 번 코이카 직원…복무관리 '구멍',외교부 산하기관인 한국국제협력단(코이카) 소속 직원이 직무 외에 태양광 발전소 3기를 운영하면서 3억원에 가까운 수익을 얻은 것으로 나타났다. 해당 직원이 겸직 불허 통보를 받고도 사업을 지속하고 일부 사업에...,https://www.edaily.co.kr/News/Read?newsId=04211526645585368&mediaCodeNo=257&utm_source=naver&utm_medium=referral&utm_campaign=news_syndication&utm_content=original_article,pos
2026-09-30 15:01,데일리안,광양 LNG,"카타르 흔들리자 떠오른 'SK표 가스'…""현물구매 줄인다"" [바로사 14년④...","국내에 들어온 LNG는 보령·광양 등 복수의 터미널을 거쳐 발전소로 간다. 현물 가격이 떨어질 때도 이 구조는 완충 장치가 된다. 강 실장은 ""현물시장 가격이 낮아지는 게 LNG 사업자 입장에서 반드시 불리하다고 생각할...",https://www.dailian.co.kr/news/view/1696277/?sc=Naver,pos
2026-09-30 15:01,데일리안,광양 LNG,"최종현 '원유' 이어 최태원 'LNG'…무자원 산유국 꿈, 38년 만에 가스로...",SK는 그해 계열 발전사 케이파워가 운영하는 광양 LNG발전소를 가동하며 처음으로 LNG를 직접 들여왔다. 다만 인도네시아 탕구 LNG 프로젝트와 20년 장기계약을 맺고 판매자가 도착지까지 실어다 주는 방식이었다....,https://www.dailian.co.kr/news/view/1696272/?sc=Naver,pos
2026-09-30 15:01,데일리안,광양 LNG,"최종현 '원유' 이어 최태원 'LNG'…'무자원 산유국' 꿈, 38년 만에 가스...",SK는 그해 계열 발전사 케이파워가 운영하는 광양 LNG발전소를 가동하며 처음으로 LNG를 직접 들여왔다. 다만 인도네시아 탕구 LNG 프로젝트와 20년 장기계약을 맺고 판매자가 도착지까지 실어다 주는 방식이었다....,https://www.dailian.co.kr/news/view/1696272/?sc=Naver,pos
2026-09-30 15:01,조선일보,광양 LNG,"가스전부터 발전소까지… SK이노, 14년 만에 LNG 사업 전 단계 ‘완성’",용인과 왕숙에 건설 중인 열병합발전소가 완공되면 LNG 수요처는 늘어난다. 광양발전소 직도입 계기로 2012년 호주 바로사 가스전 투자 결정 SK이노베이션 E&S가 LNG 사업 밸류체인 구축에 나선 것은 2012년부터다....,https://biz.chosun.com/industry/company/2026/09/30/HORDULHMXBEG5KAAELHEHIH57M/?utm_source=naver&utm_medium=original&utm_campaign=biz,pos
2026-09-30 15:00,파이낸셜뉴스,광양 LNG,[르포] 14년 투자 결실…다윈서 본 SK이노 E&S '연 130만t LNG 공급망',"또 장기용선 LNG선 4척과 보령 LNG터미널 장기사용권도 갖고 있으며, 파주·여주·광양 복합화력과 하남·위례 열병합발전소 등 약 5GW 규모의 국내 발전소도 운영한다. 해외에서 확보한 LNG를 운송·터미널을 거쳐...",https://www.fnnews.com/news/202609301449373902,pos
2026-09-30 15:00,뉴시스,광양 LNG,"[현장] 강륜권 SK이노 E&S 부사장 ""LNG 사업은 옵션의 경제…수요 개발해...",아울러 중류 부문에서는 보유 중인 선박 4척과 광양·보령 LNG 터미널 등으로 LNG 운송과 저장 영역에서의 다변화 체제를 구축한 상태다. 또한 하류 부문인 LNG 판매에서는 국내 1위 민간 발전사로서 총 5기가와트(GW)...,https://www.newsis.com/view/NISX20260929_0003807872,pos
2026-09-30 15:00,뉴스1,광양 LNG,"SKI E&S, 바로사 가스전 상업화…'글로벌 LNG 플레이어' 도약",국내에서는 보령 LNG 터미널을 운영하고 광양 LNG 터미널과 한국가스공사(KOGAS) 터미널을 이용하고 있다. 중국에선 2027년부터 깐위 LNG 터미널을 임차해 사용할 예정이다. 다운스트림에 해당하는 수요처도...,https://www.news1.kr/industry/general-industry/6306045,pos
2026-09-30 15:00,디지털타임스,광양 LNG,"[르포] 최태원 14년 집념, 중동발 ‘자원 안보’ 해법으로…호주서 연 ...","SK이노베이션 관계자는 “그동안의 LNG 공급방식은 인도네시아 탕구 프로젝트와의 20년 장기계약을 통해 광양터미널로 가스를 들여온 뒤 국내 발전소에서 소화하는 구조였다”면서 “이제는 직접 공급으로, 단기...",https://www.dt.co.kr/article/12086676?ref=naver,pos
2026-09-30 15:00,머니투데이,포스코인터내셔널,"[르포] 자원위기서 빛나는 SK이노 E&S '바로사'…""14년만의 결실""",포스코인터내셔널은 2013년부터 미얀마 가스전을 운영하고 있고 2022년엔 호주의 가스회사 세넥스를 인수하며 거점을 확대했다. 도널드 트럼프 미국 대통령의 관심 사업인 미국 알래스카 LNG 프로젝트 참여도 추진...,https://www.mt.co.kr/industry/2026/09/30/2026093013065387725,pos
2026-09-30 15:00,이투데이,알래스카 LNG,"트럼프, 내일 ‘상무장관 동석 발표’ 예고…韓 알래스카 LNG 투자 촉각",여기에는 알래스카 LNG 사업에 540억달러(약 73조원)를 투자하는 내용이 포함된다. 로이터통신도 트럼프 대통령이 이르면 30일 한국의 전략투자기금을 여러 미국 내 대형 프로젝트에 활용하는 계획을 발표할 수 있으며...,https://www.etoday.co.kr/news/view/2630953,pos
2026-09-30 14:58,아시아경제,산업통상부 장관,"SWM.ai, 로보택시 ‘M.AX 얼라이언스’ 합류…강남 실증 경험 생태계로 ...","이날 산업통상부 김정관 장관은 강남에서 운행 중인 에스더블유엠 로보택시에 탑승해 자율주행 기술을 직접 체험했다. 김 장관은 시승 후 ""국내 기술 수준도 많이 발전된 것으로 느꼈고, 충분히 따라갈 수 있다고 생각한다...",https://view.asiae.co.kr/article/2026093014581665662,pos
2026-09-30 14:58,스마트투데이,산업통상부 장관,"로보택시 기술기업 SWM, ‘M.AX 얼라이언스’ 참여","이날 행사에 참석한 산업통상부 김정관 장관은 “강남에서 운행 중인 SWM의 로보택시 시승 이후 국내 기술 수준도 많이 발전된 것으로 느꼈고, 충분히 따라갈 수 있다고 생각한다""며, ""서로 잘하는 부분에 집중해서...",https://www.smarttoday.co.kr/ko-kr/articles/112137,pos
2026-09-30 14:58,디지털타임스,종합상사,정몽혁 “함께 도전해 다음 50년 연다”…현대코퍼레이션 창립 50주년,"현대코퍼레이션은 1976년 고 정 명예회장의 ‘수출입국’(輸出立國) 철학 아래 현대종합상사로 출발했다. 호주 드레이튼 탄광과 예멘 마리브 유전 개발, 북방교역 개척 등에 나섰고 5년 연속 국내 단일기업 수출 1위와...",https://www.dt.co.kr/article/12086678?ref=naver,pos
2026-09-30 14:56,newstree,전력수급기본계획,"""12차 전기본 데이터센터 전력수요, 11년전 수치로 부풀려져""","지난달 열린 12차 전력수급기본계획(이하 12차 전기본) 전력수요 재전망 공개토론회에서, 기후부는 감사원 보고서를 근거로 데이터센터 전력효율지수(PUE)가 2024년 2.26에서 2040년 1.64로 좋아질 것이라고 가정했다....",https://www.newstree.kr/newsView/ntr202609300018,pos
2026-09-30 14:55,isplus,[단독],"[단독] 최수종♥하희라, ‘유퀴즈’ 첫 동반 출연... 결혼 34년차 러브스...",배우 최수종·하희라 부부가 ‘유퀴즈’에 동반 출연한다. 30일 일간스포츠 취재에 따르면 최수종·하희라 부부는 최근 tvN 예능 프로그램 ‘유 퀴즈 온 더 블럭’(이하 ‘유퀴즈’) 녹화를 마쳤다. 방송 일자는 아직...,https://isplus.com/article/view/isp202609300165,pos
2026-09-30 14:54,mediawatch,알래스카 LNG,[26.9.30 증시 인싸잇] 트럼프 대미투자 발표 초읽기… ‘알래스카 LNG’...,"트럼프, 한국 대미투자 계획 발표 가능성 알래스카 LNG에 540억 달러 투자設… 대규모 가스관 건설 기대 KBI동양철관·하이스틸·넥스틸 등 강관주 일제히 강세 인싸잇=임종옥 기자ㅣ도널드 트럼프 미국 대통령이 한국의...",https://www.mediawatch.kr/news/article.html?no=261218,pos
2026-09-30 14:52,잡포스트,포스코,POSCO홀딩스 30만원대 강보합…리튬 흑자 전환 이후 흐름 점검,"철강과 이차전지소재, 에너지 전 부문 실적이 전 분기보다 개선됐으며 포스코아르헨티나는 2분기 흑자로 전환했다고 회사는 설명했다. 장중 고가는 31만원, 저가는 30만4500원이었다. 두 가격의 차이는 5500원에...",https://www.job-post.co.kr/news/articleView.html?idxno=229938,pos
2026-09-30 14:51,데일리안,종합상사,규슈 반도체 공급망 다시 열린다…K-소부장 14개사 일본 공략,"국내 반도체 소부장 기업 14개사는 한국관에 참가해 일본 종합상사와 벤더, 반도체 전문기업 50여곳과 공급망 협력 상담을 벌인다. 참가 기업은 서울대학교 시스템반도체산업진흥센터와 한국나노융합산업협회, KOTRA가...",https://www.dailian.co.kr/news/view/1696300/?sc=Naver,pos
2026-09-30 14:50,kbmaeil,포스코,"포스코 포항제철소, 포항 아동 60명에 ‘꿈꾸는 공간’ 선물",포스코 포항제철소가 포항지역 아동들의 학습공간 개선을 위해 책상과 의자 등을 지원했다. 포스코 포항제철소는 30일 포항시 남구 오천읍의 한 가정을 찾아 아동 학습 공간 개선사업인 ‘꿈꾸는 공간’ 기금 전달식을...,https://www.kbmaeil.com/article/20260930500442,pos
2026-09-30 14:48,ziksir,희토류,"LS에코에너지, 베트남에 116억 투입…탈중국 '방산 희토류' 공급망 쥔다",라이너스의 희토류 원료를 들여와 베트남에서 가공하고 LS전선의 영구자석 생산까지 연결하는 비중국... 12월 시양산을 거쳐 생산을 본격화하면 라이너스가 공급한 희토류 원료를 베트남에서 사마륨 금속으로...,https://www.ziksir.com/news/articleView.html?idxno=147887,pos
2026-09-30 14:48,ziksir,희토류,"LS에코에너지, 베트남에 116억 투입… 탈중국 '방산 희토류' 공급망 쥔다",라이너스의 희토류 원료를 들여와 베트남에서 가공하고 LS전선의 영구자석 생산까지 연결하는 비중국... 12월 시양산을 거쳐 생산을 본격화하면 라이너스가 공급한 희토류 원료를 베트남에서 사마륨 금속으로...,https://www.ziksir.com/news/articleView.html?idxno=147887,pos
2026-09-30 14:48,강원일보,희토류,"LS에코에너지, 비중국권 최초 ‘방산용 희토류’ 생산거점 구축",LS에코에너지가 비중국권 최초로 방산용 희토류 금속 생산에 본격 나선다. LS에코에너지는 116억원을... 라이너스가 희토류 원료를 공급하고 LS에코에너지가 베트남에서 금속을 생산한 뒤 LS전선의 영구자석 공장에...,https://www.kwnews.co.kr/article/20260930500284,pos
2026-09-30 14:48,sidae,희토류,"LS에코에너지, 베트남에 '방산용 희토류' 생산거점 구축",라이너스는 중국 외 지역에서 희토류를 분리·상업 생산하는 유일한 기업이다. 생산시설 구축으로 라이너스가 희토류 원료를 제공하고 LS에코에너지가 베트남에서 금속을 생산해 LS전선 영구자석 공장에 공급하는...,https://www.sidae.com/article/2026093014114633950,pos
2026-09-30 14:46,mydaily,산업통상부 장관,"SWM.ai, 무인 로보택시 안전성 검증 위한 'M.AX 얼라이언스' 참여","이날 행사에 참석해 강남 운행 로보택시에 시승한 김정관 산업통상부 장관은 ""기업간 서로 잘하는 부분을 협력하면 로보택시 기술을 확보할 수 있을 것""이라고 밝혔으며, 김기혁 SWM.ai 대표는 ""확보된 기술과 실도로...",https://www.mydaily.co.kr/page/view/2026093014452147821,pos
2026-09-30 14:46,전자신문,종합상사,"K-반도체 소부장, 日 '실리콘 아일랜드'서 협력 시동","우수한 기술력을 인정받은 국내 반도체 소재·부품·장비(소부장) 중소기업 및 스타트업 14개사가 참가해, 가네마쓰·키엔스·암코테크놀로지 재팬 등 일본 주요 종합상사와 벤더 50여개사와 비즈니스 상담을 진행한다....",https://www.etnews.com/20260930000318,pos
2026-09-30 14:44,뉴시스,알래스카 LNG,"트럼프, 1일 새벽 韓 대미투자 발표할 듯…알래스카 LNG 포함 주목(종합...",알래스카 LNG 개발 사업은 알래스카 북부 가스전에서 시추한 천연가스를 파이프라인을 통해 남부 니키스키까지 1300㎞를 옮긴 뒤 한국 등 아시아 국가에 수출하는 것을 목표로 한다. 다만 파이프라인 건설 등 인프라...,https://www.newsis.com/view/NISX20260930_0003808931,pos
2026-09-30 14:44,머니투데이,[단독],[단독]1000만계좌 돌파한 ISA…세제개편 논란 속에서도 순증,이른바 '만능 절세통장'으로 불리는 개인종합자산관리계좌(ISA)가 최근 세제개편 과정에서 불거진 논란에도 순증한 것으로 나타났다. 여전히 높은 투자자들의 관심을 받으며 출시 10여년 만에 최근 1000만 계좌를...,https://www.mt.co.kr/stock/2026/09/30/2026093014045618502,pos
2026-09-30 14:43,전자신문,산업통상부 장관,"정부, 7대 SEED 프로젝트 계획 확정…내년 4조 투자","정부는 30일 정부서울청사에서 제13회 과학기술관계장관회의를 개최하고, 미래성장동력 7대 SEED 프로젝트... 과학기술정보통신부 과학기술혁신본부와 교육부, 산업통상부, 중소벤처기업부 등 총 11개 부처는 혁신기반...",https://www.etnews.com/20260930000314,pos
2026-09-30 14:43,경향신문,[단독],"[단독]법원행정처, 이 대통령 성남FC 사건 ‘검사 퇴정’ 판사 연임심사...",이재명 대통령의 성남FC 후원금 의혹 재판에서 검사에게 퇴정을 명령했던 허용구 서울중앙지법 부장판사에 대한 연임심사 사유가 닷새만에 변경된 것으로 확인됐다. 법원행정처는 당초 ‘판사로서 품위를 유지하는...,https://www.khan.co.kr/article/202609301443011,neg
2026-09-30 14:43,뉴스핌,산업통상부 장관,대화 나누는 김정관 산업통상부 장관,김정관 산업통상부 장관(오른쪽)이 30일 오후 서울 종로구 정부서울청사에서 열린 제9차 국가첨단전략산업위원회에서 관계자와 대화를 나누고 있다. 2026.09.30 gdlee@newspim.com,https://www.newspim.com/news/view/20260930000957,pos
2026-09-30 14:43,전자신문,산업통상부 장관,"정부, 7대 SEED 프로젝트 계획 확정…내년 4조 재정 투자","정부는 30일 정부서울청사에서 제13회 과학기술관계장관회의를 개최하고, 미래성장동력 7대 SEED 프로젝트... 과학기술정보통신부 과학기술혁신본부와 교육부, 산업통상부, 중소벤처기업부 등 총 11개 부처는 혁신기반...",https://www.etnews.com/20260930000314,pos
2026-09-30 14:42,뉴스핌,산업통상부 장관,제9차 국가첨단전략산업위원회 참석하는 김정관 산업통상부 장관,김정관 산업통상부 장관이 30일 오후 서울 종로구 정부서울청사에서 열린 제9차 국가첨단전략산업위원회에 참석하고 있다. 2026.09.30 gdlee@newspim.com,https://www.newspim.com/news/view/20260930000950,pos
2026-09-30 14:42,뉴스핌,산업통상부 장관,참석 위원과 인사 나누는 김정관 산업통상부 장관,김정관 산업통상부 장관(오른쪽)이 30일 오후 서울 종로구 정부서울청사에서 열린 제9차 국가첨단전략산업위원회에서 참석 위원과 인사를 나누고 있다. 2026.09.30 gdlee@newspim.com,https://www.newspim.com/news/view/20260930000952,pos
2026-09-30 14:41,뉴스핌,산업통상부 장관,자료 살펴보는 김정관 산업통상부 장관,김정관 산업통상부 장관(왼쪽에서 두번째)이 30일 오후 서울 종로구 정부서울청사에서 열린 제9차 국가첨단전략산업위원회에서 자료를 살펴보고 있다. 2026.09.30 gdlee@newspim.com,https://www.newspim.com/news/view/20260930000941,pos
2026-09-30 14:40,서울경제,알래스카 LNG,트럼프 선거 수단 전락한 韓 대미투자...“540억弗 알래스카 LNG 가능성...,블룸버그통신은 29일 복수의 소식통을 인용해 “트럼프 대통령이 백악관에서 2000억달러(약 270조원) 규모의 한국 대미투자 계획을 공개할 것으로 보인다”며 “발표에는 알래스카 LNG 개발 사업에 540억달러를 투자하는...,https://www.sedaily.com/article/20096596?ref=naver,pos
2026-09-30 14:40,대한경제,[단독],[단독][윤곽 나온 잠실 MICE PF] 민간투자사업 5조원 시대…역대 최대 민...,금융기관 투자 4.8조원…한화 등 4500억원 지분투자 주무관청 별도 보조금 없어 10월 PF 조달 완료 예정 돔구장ㆍ숙박 시설 등 건설 [대한경제=권해석 기자]서울 잠실 스포츠ㆍMICE(기업 회의ㆍ관광ㆍ컨벤션ㆍ전시)...,https://www.dnews.co.kr/uhtml/view.jsp?idxno=202609301114477850891,pos
2026-09-30 14:40,EBN,전력수급기본계획,"전력망 3법이 튼 물꼬…에너지업계, 데이터센터 밸류체인 선점",◆ 민간 송전망 개방과 코로케이션의 결합 정부는 11차 전력수급기본계획에 따라 신속한 전력망 확충을 위해 일정 요건을 갖춘 민간 사업자의 전력망 개발 참여를 2029년까지 한시적으로 허용하는 방안을 추진 중이다....,https://www.ebn.co.kr/news/articleView.html?idxno=1726158,pos
2026-09-30 14:40,한국경제,산업통상부 장관,"로보택시 기업 SWM. ai, 'M. AX 얼라이언스' 참여…실도로 데이터 협력 ...","행사에 참석한 산업통상부 김정관 장관은 SWM. ai 로보택시에 탑승해 강남 일대 자율주행을 체험했다. 시승을 마친 김 장관은 ""국내 기술 수준도 많이 발전된 것으로 느꼈고, 충분히 따라갈 수 있다고 생각한다""며 ""서로...",https://magazine.hankyung.com/business/article/202609304830b,pos
2026-09-30 14:39,연합뉴스,산업통상부 장관,실증 운행 중인 로보택시 탑승한 김정관 장관,"김정관 산업통상부 장관이 30일 서울 강남구 일대에서 실증 운행 중인 로보택시에 탑승, 국내 자율주행 기술 수준을 점검하고 있다. 2026.9.30 [산업통상부 제공. 재판매 및 DB 금지]",https://www.yna.co.kr/view/PYH20260930196700013?input=1196m,pos
2026-09-30 14:39,뉴시스,산업통상부 장관,로보택시 탑승한 김정관 산업부 장관,김정관 산업통상부 장관이 30일 서울 강남 일대에서 실증 운행 중인 로보택시에 탑승해 국내 자율주행 기술 수준을 점검하고 있다. (사진=산업부 제공) 2026.09.30. photo@newsis.com *재판매 및 DB 금지,https://www.newsis.com/view/NISI20260930_0021468028,pos
2026-09-30 14:39,뉴시스,산업통상부 장관,로보택시 설명 듣는 김정관 장관,김정관 산업통상부 장관이 30일 서울 강남 일대에서 실증 운행 중인 로보택시에 대한 설명을 듣고 있다. (사진=산업부 제공) 2026.09.30. photo@newsis.com *재판매 및 DB 금지,https://www.newsis.com/view/NISI20260930_0021468029,pos
2026-09-30 14:39,매일경제,포스코인터내셔널,“신뢰할 수 있는 투자처 페루가 韓기업 기다립니다”,"한국 기업에선 도화엔지니어링을 비롯해 HD현대중공업, 현대로템, LIG넥스원, 포스코인터내셔널, 고려아연, LS MnM 등의 관계자들이 참석했다. 파울 페르난도 두클로스 파로디 주한 페루대사는 개회사에서 “페루를 한국...",https://www.mk.co.kr/article/12164833,pos
2026-09-30 14:38,polinews,알래스카 LNG,"[이슈] 트럼프, 30일 한국 대미투자 프로젝트 직접 발표… '수익성 우려...","또한, 알래스카 LNG 사업에 540억달러를 투자할 경우 기존 합의된 대미투자 전체 금액(3500억달러)을 초과할 가능성도 거론된다. 그럼에도 일각에서는 트럼프 대통령의 거센 압박으로 인해 결국 사업에 참여할 것이라는...",https://www.polinews.co.kr/news/articleView.html?idxno=744469,pos
2026-09-30 14:38,한국경제,산업통상부 장관,"""일본도 못 버티고 빠졌다""…한국이 노리는 18조 사업 뭐길래","""고소득 국가 도약 계획 돕겠다"" 산업통상부는 30일 김정관 장관은 이날 오전 서울에서 부 하이 꾸언 베트남 과학기술부 장관과 만나 양국 간 원전 등 첨단산업 분야 협력 방안을 심도 있게 논의했다고 밝혔다. 꾸언...",https://www.hankyung.com/article/202609304489i,pos
2026-09-30 14:38,한국경제,산업통상부 장관,"체코 다음은 ‘18조’ 베트남 원전…팀코리아, 동남아 수주 도미노 '정...","""고소득 국가 도약 계획 돕겠다"" 산업통상부는 30일 김정관 장관은 이날 오전 서울에서 부 하이 꾸언 베트남 과학기술부 장관과 만나 양국 간 원전 등 첨단산업 분야 협력 방안을 심도 있게 논의했다고 밝혔다. 꾸언...",https://www.hankyung.com/article/202609304489i,pos
2026-09-30 14:38,한국경제,산업통상부 장관,"체코 다음은 '18조' 베트남 원전…팀코리아, 동남아 수주 도미노 '정조준...","""고소득 국가 도약 계획 돕겠다"" 산업통상부는 30일 김정관 장관은 이날 오전 서울에서 부 하이 꾸언 베트남 과학기술부 장관과 만나 양국 간 원전 등 첨단산업 분야 협력 방안을 심도 있게 논의했다고 밝혔다. 꾸언...",https://www.hankyung.com/article/202609304489i,pos
2026-09-30 14:37,서울경제,산업통상부 장관,“K컬처 통했다” 멕스코 K박람회 역대 최대 성과,이번 행사는 농림축산식품부·산업통상부·보건복지부·해양수산부·중소벤처기업부 등 관계 부처와... 최휘영 문체부 장관은 “이번 박람회는 중남미의 일상에서 K컬처의 매력을 더욱 가까이 알리고 우리 K컬처...,https://www.sedaily.com/article/20096594?ref=naver,pos
2026-09-30 14:37,매일경제,알래스카 LNG,"트럼프, 내일 새벽 韓 대미투자 발표…알래스카 LNG 포함될 듯","텍사스 화력발전소와 달리 미국 내 대형 원전 8기 건설과 알래스카 LNG 개발 사업은 추후 협의 과제로만 분류된 상태지만, 외신 보도대로라면 트럼프 대통령이 30일 알래스카 LNG 사업 투자를 사실상 확정된 사안인 것처럼...",https://www.mk.co.kr/article/12164831,pos
2026-09-30 14:36,국제뉴스,[단독],"[단독] 추미애호, 경기기후위성 '안보 활용' 협약 연기...道 ""개최 일정...",경기기후위성 1호기가 경기도 궤도에 진입한 모습. 제공=경기도청 경기도가 재정난을 이유로 우리 군(軍)이 필요로 하는 경기기후위성 관측 데이터(광학위성사진) 활용 시점을 무기한 연기시킨 것으로 29일 알려졌다....,https://www.gukjenews.com/news/articleView.html?idxno=3708355,pos
2026-09-30 14:36,아주경제,알래스카 LNG,[종합] 중간선거 급한 트럼프…韓 대미투자 이르면 30일 일방적 발표 전...,알래스카 LNG 투자안 포함 전망…韓정부는 추후 협의 과제로 분류 중간선거 앞두고 경제 성과 부각…알래스카 등 공화 강세주까지 접전 확대 아주경제=황진현 기자 jinhyun97@ajunews.com 도널드 트럼프 미국 대통령 [사진=AP...,https://www.ajunews.com/view/20260930135628489,pos
2026-09-30 14:35,한국경제,전력수급기본계획,"'탈석탄' 위해서라면…""月 3230원까지 더 낼 수 있다""",○첨단산업 전력수요 늘자 석탄 퇴출 7년 빨라져 30일 국회기후변화포럼 탈석탄 토론회에서 안영환 숙명여대 교수는 12차 전력수급기본계획의 전력수요와 2035년 국가온실가스감축목표(NDC)를 반영해 분석한 결과...,https://www.hankyung.com/article/202609304823i,neg
2026-09-30 14:34,segyebiz,알래스카 LNG,백악관 “내일 트럼프 발표 있다”… 우리나라 대미투자 관련일 듯,-한국시간 1일 새벽 4시30분… ‘알래스카 LNG’ 일방 발표 우려 도널드 트럼프 미국 대통령. AP/뉴시스 도널드 트럼프 미국 대통령이 내일 한국의 대미투자 프로젝트를 공식 발표할 것으로 보인다. 30일 미국 백악관은...,http://www.segyebiz.com/newsView/20260930512284?OutUrl=naver,pos
2026-09-30 14:34,브릿지경제,[단독],[단독] 기후부 ODA 예산 늘었는데⋯ 에너지 분야는 ‘된서리’,내년도 기후에너지환경부의 공적개발원조(ODA) 정부안 전체 예산은 늘었으나 에너지 ODA 예산은 최근 5년 중 최저 수준으로 떨어진 것으로 나타났다. 기존 사업들의 종료 시점이 몰린 상황에서 신규 사업이 잇따라 심의...,https://www.viva100.com/article/20260930500984,pos
2026-09-30 14:34,onews,핵심광물,국민성장펀드 2호 판매 시작…총 6000억원 규모,투자 대상은 반도체·이차전지·백신·디스플레이·수소·미래차·바이오·인공지능(AI)·방산·로봇·콘텐츠·핵심광물 등 12개 첨단전략산업과 관련 기업이다. 자펀드 결성금액의 60% 이상을 해당 산업과 관련 기업에...,https://www.onews.tv/news/articleView.html?idxno=288178,pos
2026-09-30 14:33,경기일보,[단독],"[단독] 검찰, 경찰에 유승민 체육회장 재수사 요청",검찰이 유승민 대한체육회장의 각종 의혹과 관련해 경찰에 재수사를 요청한 것으로 드러났다. 서울중앙지방검찰청은 29일 서울특별시경찰청에 피의자 유 회장 관련 수사를 다시 하라고 통보했다. 지난해부터 유승민...,https://www.kyeonggi.com/article/20260930580232,neg
2026-09-30 14:32,한국일보,산업통상부 장관,"로보택시 SWM.ai, ‘M.AX 얼라이언스’ 합류...자율주행 기술 고도화",이날 행사에서는 김정관 산업통상부 장관이 강남에서 운행 중인 SWM.ai 로보택시를 시승했다. 김 장관은 “국내 기술 수준도 많이 발전된 것으로 느꼈다”며 관련 분야의 협업 필요성을 언급했다. 김기혁 SWM.ai 대표는...,https://www.hankookilbo.com/news/article/A2026093014250005704?did=NA,pos
2026-09-30 14:32,뉴스웨이,[단독],"[단독]노바티스, 셀트리온 'CT-P55' 캐나다 허가접수 제동…특허소송 3건...","노바티스가 셀트리온의 코센틱스(성분명 세쿠키누맙) 바이오시밀러 'CT-P55'를 상대로 캐나다에서 규제 허가 절차와 특허를 동시에 겨냥한 전방위 법적 공세에 나섰다. 특허침해 소송을 제기한 데 이어, 캐나다...",https://www.newsway.co.kr/news/view?ud=2026093009314650638,neg
2026-09-30 14:32,safetimes,[단독],"[단독] 고법, 제넨셀 창업자 강세찬 항소심 징역 4년…법정구속",코로나19 치료제 개발 과정에서 허위 실험자료를 제출하고 임상시험 승인 알선 대가를 정상적인 거래로 가장한 혐의 등으로 기소된 제넨셀 창업자 강세찬이 항소심에서 실형을 선고받고 법정구속됐다. 30일 서울고법...,https://www.safetimes.co.kr/news/articleView.html?idxno=246124,neg
2026-09-30 14:32,shinailbo,포스코,"포스코 포항제철소, 아동 학습공간 개선 '꿈꾸는 공간' 3년째 지원","포스코 포항제철소가 지역 아동들의 학습권 보장을 위해 가정 내 공부 환경을 개선하는 '꿈꾸는 공간... 이어진 포스코의 지원이 지역 아동의 학습권을 지키는 든든한 기반이 되고 있다""라고 전했다. 포항제철소는 이와...",https://www.shinailbo.co.kr/news/articleView.html?idxno=5067392,pos
2026-09-30 14:31,연합뉴스,산업통상부 장관,밝은 표정의 김정관 장관,김정관 산업통상부 장관이 30일 서울 종로구 정부서울청사에서 열린 제9차 국가첨단전략산업위원회에 참석해 있다. 2026.9.30,https://www.yna.co.kr/view/PYH20260930189600013?input=1196m,pos
2026-09-30 14:31,SBS,[단독],"[단독] 북한산국립공원서 수류탄 발견…""대공혐의점 조사 예정""",▲ 북한산 (위 사진은 기사 내용과 관련이 없습니다.) 서울 강북구 북한산 국립공원에서 6.25 전쟁 때 쓰였던 것으로 추정되는 수류탄이 발견됐습니다. SBS 취재에 따르면 오늘(30일) 북한산국립공원 안에 있는 구천폭포...,https://news.sbs.co.kr/news/endPage.do?news_id=N1008776856&plink=ORI&cooper=NAVER,pos
2026-09-30 14:30,매일경제,[단독],"[단독] LG화학 주가 급등시켰던 행동주의 행사 올해도 또…얼라인, 새 투...","이창환 “한국에 상당히 저평가된 좋은 회사 있다” 작년 뉴욕서 거론된 LG화학은 하루 새 13% 급등 내달 20일 13D 행동주의 서밋, 종목명은 당일 공개 이창환 얼라인파트너스자산운용 대표가 다음달 미국 뉴욕에서...",https://www.mk.co.kr/article/12164826,pos
2026-09-30 14:30,huffingtonpost,알래스카 LNG,트럼프 '한국 투자 패키지' 540억 달러 활용한 알래스카 LNG 사업 공개 예...,"로이터는 29일 관련 소식통을 인용해 ""트럼프 대통령이 이르면 30일에 한국의 전략적 투자 패키지 가운데 540억 달러를 활용한 알래스카 LNG 시설 건설 계획을 발표할 것이다""고 보도했다. 민간 기업인 글렌파른 그룹이...",https://www.huffingtonpost.kr/article/260866,pos
2026-09-30 14:30,연합뉴스,알래스카 LNG,[연합뉴스 이 시각 헤드라인] - 14:30,"전문보기: https://www.yna.co.kr/view/AKR20260930104751001 ■ 트럼프, 내일 韓 대미투자 발표할 듯…알래스카 LNG 포함되나 도널드 트럼프 미국 대통령이 30일(현지시간) 한국의 대미투자 프로젝트를 공식 발표할 것으로...",https://www.yna.co.kr/view/AKR20260930117100011?input=1195m,pos
2026-09-30 14:30,huffingtonpost,알래스카 LNG,"""트럼프, '한국 투자 패키지' 540억 달러 활용한 알래스카 LNG 사업 계획...","로이터는 29일 관련 소식통을 인용해 ""트럼프 대통령이 이르면 30일에 한국의 전략적 투자 패키지 가운데 540억 달러를 활용한 알래스카 LNG 시설 건설 계획을 발표할 것이다""고 보도했다. 민간 기업인 글렌파른 그룹이...",https://www.huffingtonpost.kr/article/260866,pos
2026-09-30 14:29,연합뉴스,산업통상부 장관,국가첨단전략산업위원회 참석한 김정관 장관,"김정관 산업통상부 장관이 30일 서울 종로구 정부서울청사에서 열린 제9차 국가첨단전략산업위원회에 참석, 관계자와 대화하고 있다. 2026.9.30",https://www.yna.co.kr/view/PYH20260930187100013?input=1196m,pos
2026-09-30 14:28,asiatime,알래스카 LNG,"트럼프, '알래스카 LNG' 韓 대미투자 발표…'퍼주기 투자' 강요 논란",로이터·블룸버그 등 백악관서 트럼프가 韓 대미투자 내용 발표 김정관 장관 알래스카 LNG 사업은 '하이리스크' 평가…철저 검토 외교적 압박 카드·중간선거용 성과 과시 등이 배경이라는 분석도 [아시아타임즈=박요돈...,https://www.asiatime.co.kr/article/20260930500298,neg
2026-09-30 14:24,MTN,[단독],"[단독] 한미약품, 비만약 '에페'에 웰니스 더한다…연동 앱 상표 출원",한미약품이 연내 출시 예정인 비만 치료제 ‘에페(성분명 에페글레나타이드)’와 연계한 웰니스 애플리케이션(앱) ‘에피데이’를 출시한다. 약물 치료뿐 아니라 식사·운동 등 생활습관과 감량 후 체중 유지까지...,https://news.mtn.co.kr/news-detail/2026093013580354097,pos
2026-09-30 14:20,뉴스1,종합상사,"제이앤피메디, 다올데이터와 헬스케어 유통 디지털·AI 전환 추진",이번 사업은 제이앤피메디가 추진하는 '제약·바이오 DX·AX 종합상사' 모델의 일환이다. 회사는 자체 개발 솔루션 중심의 사업 구조에서 벗어나 외부 IT·SaaS 솔루션을 발굴하고 헬스케어 기업과 유통 현장에 공급하는...,https://www.news1.kr/bio/pharmaceutical-bio/6306105,pos
2026-09-30 14:18,koit,핵심광물,"범정부 협력해 미래기술 선점, R&D 혁신 '속도'",정부는 앞서 8월 12일 △양자 △우주항공 △첨단바이오 △소형모듈원자로(SMR) △핵융합 △재생에너지 △공급망(핵심광물·소부장)을 7대 SEED로 선정하고 전략적 투자에 나선다는 방침을 밝힌 바 있다. 이날 추진계획...,https://www.koit.co.kr/news/articleView.html?idxno=209269,pos
2026-09-30 14:18,asiatime,포스코,"[AT 현장] 1.66조원 오금현대 현설, 삼성물산·포스코·제일건설 참석","삼성·포스코·제일건설 현설 참석 DL이앤씨 불참…3파전 구도 이탈 11월 25일 입찰서 최종 경쟁 확정... 현장설명회에는 삼성물산 건설부문(이하 삼성물산)과 포스코이앤씨, 제일건설이 참석했으며 DL이앤씨는 이름을...",https://www.asiatime.co.kr/article/20260930500293,pos
2026-09-30 14:15,뉴스1,알래스카 LNG,[그래픽] 미국 알래스카 LNG 프로젝트 개요,"복수의 소식통에 따르면, 트럼프 대통령은 30일 백악관 집무실에서 한국의 약 2000억 달러 규모의 대미 투자 계획을 발표할 계획이다. 여기에는 알래스카 LNG 사업에 대한 한국의 투자 계획도 포함된다.",https://www.news1.kr/photos/8134541,pos
2026-09-30 14:14,한국일보,알래스카 LNG,"선거 조급한 트럼프, '추후 협의' 알래스카 LNG 사업도 발표하나","문제는 이번 발표에 북부 노스슬로프에서 니키스키까지 약 1,200~1,300㎞에 달하는 가스관과 액화·수출 시설을 짓는 알래스카 LNG사업에 한국이 540억 달러를 투입한다는 내용이 핵심으로 포함됐을 것이라는 전망이...",https://www.hankookilbo.com/news/article/A2026093011230000887?did=NA,neg
2026-09-30 14:13,뉴스1,[단독],"[단독] ""中 공식 홈페이지 링크까지 심었다""…'DHL 수입픽' 사칭 메일 기...",알리익스프레스·테무·쉬인 등 중국 e커머스(C커머스)를 통한 해외직구가 이어지는 가운데 국제특송 DHL을 사칭한 피싱메일이 실제 DHL 홈페이지 링크까지 섞는 방식으로 유포되고 있는 것으로 확인됐다. DHL...,https://www.news1.kr/industry/sb-founded/6306017,pos
2026-09-30 14:12,더퍼블릭,[단독],[단독]장한별 은하수 팬카페 3만명 넘어 mbn 무명전설 팬덤 1위,"여기에 더해 가수 장한별이 오는 10월 31일 세종대학교에서 첫 단독 콘서트를 개최한다. 소속사에 따르면... 첫 단독 콘서트가 오픈과 동시에 매진되었다니 너무 기쁘다""라는 댓글을 남기며 장한별의 성공을 함께...",https://www.thepublic.kr/news/articleView.html?idxno=320588,pos
2026-09-30 14:12,더퍼블릭,알래스카 LNG,"韓 추가 검토 중인데… 트럼프, '알래스카 LNG 540억달러 투자' 발표하나","로이터는 29일 협상 내용을 아는 소식통을 인용해 ""트럼프 행정부가 한국의 전략적 투자 자금을 활용할 미국 내 주요 사업을 발표할 수 있으며, 이 가운데 알래스카 LNG에 약 540억달러를 투입하는 방안이 포함돼 있다""고...",https://www.thepublic.kr/news/articleView.html?idxno=320586,pos
2026-09-30 14:12,the-today,[단독],[단독] 틱톡 K뷰티 영상 95%에 '오해 유발 주장'…유럽피부과학회 첫 실...,글로벌 숏폼 플랫폼 틱톡(TikTok)에서 수백만 건의 조회수를 기록하며 인기를 끈 한국식 피부관리(K-뷰티) 영상의 약 95%가 과학적 근거가 부족하거나 소비자의 오해를 부를 수 있는 내용을 포함하고 있다는 유럽 의학계의...,https://www.the-today.com/news/articleView.html?idxno=90991,pos
2026-09-30 14:12,매일일보,핵심광물,국민성장펀드 2차 판매 시작…6000억 완판 기대감,반도체·이차전·백신·디스플레·수소·미래차·바이오·AI·방산·로봇·콘텐츠·핵심광물 등 12개 첨단 산업으로 구성된 주목적 투자대상에 투자한다. 나머지 40% 이내에서는 자펀드 운용사의 자유로운 투자를 허용해...,https://www.m-i.kr/news/articleView.html?idxno=2001227,pos
2026-09-30 14:11,kpinews,포스코,"포스코 포항제철소, 포항지역 아동 60명에게 '꿈꾸는 공간' 선물",포스코 포항제철소가 30일 경북 포항시 남구 오천읍의 한 가정을 방문해 아동 학습 공간 개선사업 '꿈꾸는 공간' 기금 전달식을 가졌다. ▲ 포스코 포항제철소가 30일 '꿈꾸는 공간' 기금 전달식을 가졌다. [포스코 제공]...,https://www.kpinews.kr/newsView/1065589783200241,pos
2026-09-30 14:10,브릿지경제,포스코인터내셔널,[장중시황] 코스피 6860선 약보합⋯ 삼성전자·SK하이닉스 희비,"LX인터내셔널이 6.06%, 포스코인터내셔널이 4.04% 오르고 있다. 에너지장비 및 서비스도 3.74% 오르고 있다. 한화솔루션이 6.00%, 두산퓨얼셀이 4.91% 강세를 보이고 있으며 비에이치아이(2.58%), 씨에스윈드(1.39...",https://www.viva100.com/article/20260930500981,pos
2026-09-30 14:06,huffingtonpost,희토류,LS에코에너지 '비중국권 최초' 방산용 희토류 생산거점 구축 : 생산 품목...,LS에코에너지가 2027년부터 강화되는 미국 국방부의 조달 규제에 발맞춰 중국을 거치지 않는 방산용 희토류 공급망 구축에 나섰다. 이를 시작으로 희토류 생산 품목을 점차 늘려간다는 계획도 세웠다. LS에코에너지는...,https://www.huffingtonpost.kr/article/260869,pos
2026-09-30 14:05,국민일보,포스코,"포스코 포항제철소, 아동 60명 ‘꿈꾸는 공부방’ 선물",포스코 포항제철소가 포항지역 아동들에게 책상과 의자 등을 선물하며 학습환경 개선에 힘을 보태고 있다.... 번 확인했다”며 “포스코의 꾸준한 지원이 지역 아동의 학습권을 지키는 든든한 기반이 되고 있다”고 말했다.,https://www.kmib.co.kr/article/view.asp?arcid=9000018580&cp=nv,pos
2026-09-30 14:04,프라임경제,포스코,"포스코 포항제철소, 지역 아동 공부방 환경 개선에 3년째 힘 보태",포스코 포항제철소가 경제적 여건 등으로 쾌적한 공부 공간을 갖기 어려운 지역 아동들을 위해 학습환경 개선에 나섰다. 포스코 포항제철소(소장 박남식)는 30일 포항시 오천읍의 한 아동 가정을 찾아 '꿈꾸는 공간' 사업과...,http://www.newsprime.co.kr/news/article.html?no=749447,pos
2026-09-30 14:03,매일경제,알래스카 LNG,"트럼프, '한국 대미투자' 내일 발표 유력…알래스카 LNG 포함될까","텍사스 화력발전소와 달리 미국 내 대형 원전 8기 건설과 알래스카 LNG 개발 사업은 추후 협의 과제로만 분류된 상태지만, 외신 보도대로라면 트럼프 대통령이 30일 알래스카 LNG 사업 투자를 사실상 확정된 사안인 것처럼...",http://mbn.mk.co.kr/pages/news/newsView.php?category=mbn00008&news_seq_no=5222243,pos
2026-09-30 14:02,연합인포맥스,전력수급기본계획,"국회예정처 ""한전, 채권 발행한도 특례 끝나면 19.2조 상환해야""","한전이 채권 발행을 줄이지 못하는 것은 11차 전력수급기본계획(전기본)에 따른 전력망 확충과 재생에너지 접속설비 투자로 인한 자금 소요가 증가하기 때문이다. 예산정책처는 ""한전은 사채발행 배수가 2029년 2....",https://news.einfomax.co.kr/news/articleView.html?idxno=4437147,pos
2026-09-30 14:02,bntnews,[단독],[단독] 캐시워크 돈버는퀴즈 정답 9월 30일,캐시워크 돈버는퀴즈 정답 ©bntnews 앱을 통해 광고를 시청하고 일정한 보상을 획득하는 이른바 앱테크가 최근 큰 인기를 끌고 있다. 이에 따라 캐시워크 돈버는퀴즈에서는 이용자의 참여를 유도하기 위해 퀴즈 형식의...,https://www.bntnews.co.kr/article/view/bnt202609300058,pos
2026-09-30 14:00,아시아경제,알래스카 LNG,"백악관 ""트럼프, 러트닉과 공동 발표""…韓대미투자 촉각(종합)",후속 사업으로는 알래스카 LNG 개발 사업과 최대 1200억달러 규모의 미국 대형 원전 8기를 설치하는 사업을 검토하고 있으나 구체적인 투자액을 확정하지 않았다고 했다. 한국 정부는 알래스카 LNG 개발 사업의 경우...,https://view.asiae.co.kr/article/2026093013460661770,pos
2026-09-30 14:00,newspenguin,전력수급기본계획,"""원전 새로 지으면, 재생에너지보다 더 비싸다""","전력수급기본계획이 경제성 평가에 전제해 온 66개월(5.5년)과 비교하면 1.5~1.9배에 달한다. 새울 3호기는 아직 준공 전이어서 해당 건설기간은 전망치다. ""신규 원전 경제성, 재생에너지보다 낮은 사례 많아"" 석광훈...",https://www.newspenguin.com/news/articleView.html?idxno=22244,pos
2026-09-30 14:00,아주경제,알래스카 LNG,"[특징주] 트럼프, 韓 대미 투자 발표 예고에 세아제강 4%대 강세",이 가운데 알래스카 LNG 사업에 약 540억달러(약 73조원)를 배정하는 방안이 거론되고 있다. 알래스카 LNG 프로젝트는 미국 알래스카에서 생산한 천연가스를 약 807마일(1300km) 길이의 가스관을 통해 운송한 뒤 아시아...,https://www.ajunews.com/view/20260930135537488,pos
2026-09-30 14:00,조선일보,[단독],"[단독] 에이피알, 중국판 올리브영 입점… 발암 논란 PDRN 라인 전면에",‘중국판 올리브영’ 와우컬러·산푸에 PDRN 제품군 순차 입점 홍콩 판매 중단·싱가포르 리콜 딛고 규제 까다로운 中 공략 중화권 비중 14→5%… “공식 유통망 넓혀 가품 리스크 차단” 올여름 홍콩·싱가포르에서 발암...,https://biz.chosun.com/distribution/fashion-beauty/2026/09/30/FGJAC6655ZD75FHWQVOGYO5HVM/?utm_source=naver&utm_medium=original&utm_campaign=biz,neg
2026-09-30 13:56,ppss,알래스카 LNG,코스피 사흘 만에 반등...반도체 강세 속 7천선 탈환 시도,"관 이음쇠 업체 성광벤드와 태광은 한국의 대미 투자 계획에 알래스카 액화천연가스(LNG) 사업이 포함될 수 있다는 외신 보도에 각각 4.08%, 5.47% 상승하고 있다. 업종별로는 의료·정밀기기가 1.65%, 유통이 1.53...",https://www.ppss.kr/news/articleView.html?idxno=313131,pos
2026-09-30 13:55,아시아경제,알래스카 LNG,"트럼프, 韓 대미투자 사업 발표 임박…알래스카 LNG 거론",특히 이 안에는 알래스카 LNG 개발 사업에 540억달러를 투자하는 내용도 포함된다고 통신은 전했다. 앞서 한국 정부는 최근 국회 보고에서 총사업비 223억달러 규모의 텍사스주 엔시날 가스복합화력발전소를 대미...,https://view.asiae.co.kr/article/2026093013550471269,pos
2026-09-30 13:54,핀포인트뉴스,종합상사,데이터센터 전력 수요 폭증… 태양광에너지 테마 상승 동력 확보,"글로벌 종합상사이자 그룹 지주사인 삼성물산, IT 부품 및 태양광 모듈업체 한솔테크닉스는 소폭 약세다. 태양광 구조물 생산업체 파루, 목재 및 건축자재기업 이건홀딩스, 엔지니어링 플라스틱 생산업체 에스폴리텍...",https://www.pinpointnews.co.kr/news/articleView.html?idxno=491430,pos
2026-09-30 13:54,MTN,[단독],"[단독] 비만약 오남용에…복지부·의협, '전문가평가단' 가동 추진",제공=뉴스1정부가 급증하는 비만치료제 오남용을 막기 위해 대한의사협회(의협)와 '전문가평가단'을 전면에 투입하는 방안을 추진한다. 비만치료제 처방 문제를 특정해 의료계 내부 전문가 평가 체계를 마련하고...,https://news.mtn.co.kr/news-detail/2026093009403814171,neg
2026-09-30 13:52,cpbc,희토류,"앞서가는 AI 개발, 뒤처지는 기후 대응",쓰일 희토류 1톤을 채굴하는 데에 2000여 톤의 유독성 폐기물이 발생한다는 것 역시 잘 알려진 사실”이라고 말했다. ICE 상임대표 김종화 신부가 9월 18일 서울 마포구 청년문화공간 JU에서 열린 ‘아시아의 종교와...,https://news.cpbc.co.kr/article/1176042?division=NAVER,pos
2026-09-30 13:51,YTN,알래스카 LNG,갑자기 '73조 원' 때려맞을 위기...트럼프 발언에 한국 '노심초사' [자막...,"특히 이번 발표에는 알래스카 LNG 개발사업에 한국이 540억 달러, 73조 원을 투자하는 내용도 포함된다고 통신은 전했습니다. 알래스카 LNG 사업은 수익성을 담보하기 어려워 우리 정부가 추가 검토 사안으로 분류했던...",https://www.ytn.co.kr/_ln/0134_202609301351181270,pos
2026-09-30 13:50,getnews,포스코,"포스코 포항제철소, 아동 60명에 학습공간 지원","포스코 포항제철소가 지역 아동들의 학습 환경 개선을 위해 올해도 팔을 걷어붙였다. 포항제철소는 30일... 이어진 포스코의 지원이 지역 아동의 학습권을 지키는 든든한 기반이 되고 있다""라고 전했다. 한편...",https://www.getnews.co.kr/news/articleView.html?idxno=882216,pos
2026-09-30 13:50,the-today,포스코,"[투데이온] 포스코, 아르헨 리튬 2공장 10월 6일 준공… 4만8000t 생산능...",포스코가 아르헨티나 '살 데 오로' 리튬 사업의 두 번째 공장을 다음 달 6일 준공한다고 아르헨티나 현지... 포스코는 준공식에서 아르헨티나 중앙정부와 연 10만t 규모로 생산능력을 확대하기 위한 협약도 체결할...,https://www.the-today.com/news/articleView.html?idxno=90989,pos
2026-09-30 13:48,연합인포맥스,희토류,"제이에스링크, 미국과 독일 기업서 영구자석 연달아 수주",희토류 밸류체인이 재편되는 과정에서 인프라 투자와 기술 개발을 바탕으로 톱티어 영구자석 공급사로 자리를 잡으며 본격적인 실적 구간에 진입했다고 평가받았다. 제이에스링크는 독일의 영구자석 전문기업 BEC와...,https://news.einfomax.co.kr/news/articleView.html?idxno=4437143,pos
2026-09-30 13:46,wikileaks-kr,희토류,"LS에코에너지, 베트남 희토류 사업 본격화…원료부터 생산까지 '탈중국...",LS에코에너지가 베트남에 방산용 희토류 금속 생산시설을 구축하며 희토류 사업을 본격화한다. 국내 기업 가운데 처음으로 원료 조달 단계부터 중국을 배제한 희토류 밸류체인을 구축해 글로벌 공급망 재편에...,http://www.wikileaks-kr.org/news/articleView.html?idxno=192625,pos
2026-09-30 13:40,파이낸셜포스트,포스코,[부고] 백승종(포스코홀딩스 홍보그룹장)씨 장모상,"▲김덕순(향년 90세)씨 별세, 백승종(포스코홀딩스 커뮤니케이션실 홍보그룹장)씨 장모상 = 29일, 연세대학교 신촌장례식장 5호실, 발인 10월 1일 오전 7시40분, 장지 서울시립승화원·파주 조안공원",https://www.financialpost.co.kr/news/articleView.html?idxno=278045,pos
2026-09-30 13:38,국민일보,[단독],[단독] “너희는 혼자 아냐” 우크라 北 포로 구출한 탈북민 ‘아빠’의...,우크라이나 수용소의 북한군 포로 두 청년에게 한국행 소식보다 먼저 도착한 것은 ‘아빠’의 편지였다. 탈북 군인 출신 장세율 겨레얼통일연대 대표가 두 청년을 “사랑하는 아들”이라 부르며 쓴 지난 10일자 편지다....,https://www.kmib.co.kr/article/view.asp?arcid=9000018567&cp=nv,pos
2026-09-30 13:32,아주경제,핵심광물,"美무역대표 ""과잉생산 관세 검토 때 기존 협정 관세상한 고려""",또 핵심광물 공급망을 안정시키고 특정 국가가 이를 '무기화'하는 것을 막기 위해 미국과 다른 동맹국들과 협력을 강화하고 있다고 설명했다. 핵심광물 생산은 현재 중국이 상당 부분을 차지하고 있다.,https://www.ajunews.com/view/20260930130835369,pos
2026-09-30 13:32,연합뉴스TV,알래스카 LNG,[이시각헤드라인] 9월 30일 뉴스현장,"■""트럼프, 韓대미투자 발표…알래스카 LNG 포함 전망""■ 트럼프 대통령이 한국의 대미투자 계획을 현지시간 30일 발표할 것으로 보인다는 외신 보도가 나왔습니다. 외신은 알래스카 LNG 프로젝트에 한국 정부가 약 540억...",http://www.yonhapnewstv.co.kr/news/MYH20260930133200zOE,pos
2026-09-30 13:30,epnc,희토류,"LS에코에너지, 베트남에 116억 투자…연 240톤 사마륨 생산체계 구축","LS에코에너지가 비중국권 최초로 방산용 희토류 금속 생산에 본격 나선다. LS에코에너지는 116억원을... 또 디스프로슘(Dy), 터븀(Tb), 네오디뮴·프라세오디뮴(NdPr) 등으로 희토류 금속 생산 품목을 확대할 계획이다....",https://www.epnc.co.kr/news/articleView.html?idxno=407562,pos
2026-09-30 13:28,cnbnews,핵심광물,"[지방소멸기금 어디에 썼나-태백①] 태백시 508억 원, 스포츠·산업·의...","청정고원스포츠센터 건립에 150억 원, 고터실 핵심광물 산업단지 조성에 100억 원, 태백 휴 전지훈련센터에 95억8000만 원이 배정됐다. 첫생명맞이·아이키움센터 건립에는 39억4700만 원, 태백형 통합공공임대주택에는...",https://www.cnbnews.com/news/articleView.html?idxno=1017541,pos
2026-09-30 13:25,뉴시스,포스코,'공사비 1010만원' 목동 4단지 현설…현대·포스코·현산 참석,"현대건설과 포스코이앤씨, IPARK현대산업개발, 제일건설 등 4곳이 참여의향을 밝혔다. 목동 신시가지... 설명회에는 현대건설과 포스코이앤씨, IPARK현산, 제일건설 등 4개 건설사 관계자들이 참석했다. 목동 4단지는...",https://www.newsis.com/view/NISX20260930_0003808725,pos
2026-09-30 13:25,moneystorm,핵심광물,[인사이트 뉴스] 왜 SMR·핵융합인가…AI 시대 전력·에너지 판도 바꿀 ...,"◇ 첨단공급망…기술보다 중요한 '누가 만들 수 있느냐' 첨단공급망은 반도체, 핵심광물, 배터리 소재 등 전략산업의 생산과 조달망을 안정적으로 확보하는 문제다. 미중 기술패권 경쟁 이후 공급망은 더 이상 단순한...",https://www.moneystorm.kr/news/articleView.html?idxno=6883,pos
2026-09-30 13:24,뉴스드림,희토류,"LS에코에너지, '탈중국 방산 희토류' 승부수…베트남 거점 12월 가동",LS에코에너지가 중국 외 지역에서는 처음으로 방위산업용 희토류 금속 생산 기지를 마련하고 글로벌 핵심... 이번 사업은 호주 희토류 전문기업 라이너스(Lynas)와의 원료 협력을 통해 현실화됐다. 라이너스는 중국 외...,http://www.newsdream.kr/news/articleView.html?idxno=119115,pos
2026-09-30 13:24,투데이에너지,종합상사,"코트라, 규슈서 '한·일 반도체 매칭데이' 개최","KOTRA가 마련한 이번 전시상담회는 규슈 지역에서 열리는 제3회 규슈 반도체 산업전과 연계해 진행됐으며, 한국관에선 총 14개 K-소부장 기업이 참가해 일본의 종합상사·벤더 등 약 50여 개의 반도체 관련 기업과 1:1...",https://www.todayenergy.kr/news/articleView.html?idxno=303669,pos
2026-09-30 13:23,뉴시스,종합상사,"日미쓰비시 상사, 캐나다 LNG 사업에 5000억엔 추가 투자","중동 정세 불안으로 일본의 에너지 조달처 다변화가 과제로 떠오른 가운데, 일본 대형 종합상사 미쓰비시상사가 캐나다 액화천연가스(LNG) 사업에 약 5000억엔(약 4조3000억원)을 추가 투자한다. 30일 일본 공영 NHK에...",https://www.newsis.com/view/NISX20260930_0003808758,pos
2026-09-30 13:18,worktoday,희토류,"LS에코에너지, 베트남서 방산용 희토류 생산 … '비중국 공급망' 구축",LS에코에너지 베트남 생산법인(LSCV) 전경 LS에코에너지가 베트남에 방산용 희토류 금속 생산 거점을 구축하며 중국을 거치지 않는 희토류 공급망 확보에 나선다. 미국의 방산용 희토류 공급망 규제 강화에 대응하는...,http://www.worktoday.co.kr/news/articleView.html?idxno=89879,pos
2026-09-30 13:14,the-biz,포스코,[부고] 백승종(포스코홀딩스 홍보그룹장)씨 장모상,"◆김덕순(향년 90세)씨 별세, 백승종(포스코홀딩스 커뮤니케이션실 홍보그룹장)씨 장모상 = 29일, 연세대학교 신촌장례식장 5호실, 발인 10월1일 오전 7시40분, 장지 서울시립승화원·파주 조안공원",http://www.the-biz.co.kr/news/articleView.html?idxno=728579,pos
2026-09-30 13:08,worktoday,종합상사,"K-반도체 소부장, 일본 공급망 정조준 … 코트라, 규슈서 '한·일 반도체...","국내 반도체 소부장 중소·중견기업과 스타트업 14개사가 한국관에 참가해 일본 종합상사와 벤더, 반도체 관련 기업 등 50여개사를 대상으로 공급망 협력과 수출 상담을 진행한다. 참가 기업은 서울대학교...",http://www.worktoday.co.kr/news/articleView.html?idxno=89878,pos
2026-09-30 13:02,이데일리,종합상사,"코트라, 한·일 반도체 64개사 연결…日 공급망 진입 지원","국내 반도체 소부장 중소·중견기업과 스타트업 14개사가 한국관에 참가해 일본 종합상사와 벤더, 반도체 전문기업 50여개사와 기업 간 거래(B2B) 상담을 진행한다. 참가 기업은 서울대학교 시스템반도체산업진흥센터(SIPC)...",https://www.edaily.co.kr/News/Read?newsId=03854006645585368&mediaCodeNo=257&utm_source=naver&utm_medium=referral&utm_campaign=news_syndication&utm_content=original_article,pos
2026-09-30 13:02,아주경제,종합상사,한·일 반도체 공급망 다시 잇는다…K-소부장 14개사 日규슈 공략,후쿠오카서 '한·일 반도체 매칭 데이'…日 종합상사·벤더 50개사와 상담 TSMC·소니 투자로 규슈 반도체 생태계 재편…공동 R&D·실증까지 협력 확대 아주경제=조성준 기자 critic@ajunews.com 코트라 전경 [사진...,https://www.ajunews.com/view/20260930081217191,pos
2026-09-30 13:00,머니투데이,종합상사,"현대코퍼레이션 창립 50주년…AI 정주영 ""길이 없으면 만들어라""","한편 현대코퍼레이션그룹은 1976년 정주영 명예회장의 수출입국(輸出立國) 철학 아래 현대종합상사라는 이름으로 설립됐다. 호주 드레이튼 탄광, 예멘 마리브 유전 개발, 북방교역 개척 등의 성과를 거둬왔다....",https://www.mt.co.kr/industry/2026/09/30/2026093012281628449,pos
2026-09-30 13:00,이투데이,종합상사,"코트라, 日 규슈서 '한·일 반도체 매칭 데이'⋯반도체 64개사 공급망 협...","일본 종합상사와 벤더, 반도체 기업 등 50여 개사와 공급망 진입과 공동 연구개발(R&D), 실증사업 등을 놓고 상담을 진행한다. 이번 행사에는 가네마쓰와 모리로쿠, 카나덴, 스즈키 쇼카이, 키엔스, 암코테크놀로지 재팬 등...",https://www.etoday.co.kr/news/view/2630713,pos
2026-09-30 13:00,뉴시스,종합상사,"코트라, K반도체 소부장 日 진출 돕는다…규슈서 매칭 데이 개최","가네마쓰, 모리로쿠, 카나덴 등 일본 주요 종합상사와 벤더 50여 개사와 공급망 진입 및 공동 연구개발(R&D)을 위한 B2B 상담을 진행한다. 행사가 열리는 규슈는 '실리콘 아일랜드'로 불리는 일본의 대표적 반도체...",https://www.newsis.com/view/NISX20260930_0003808475,pos
2026-09-30 13:00,seoulfn,종합상사,KOTRA '한·일 반도체 매칭데이' 개최···소부장 협력 기회 마련한다,"K-반도체 소부장(소재·부품·장비) 중소·중견 및 스타트업 14개사가 한국관에 참가, 일본 종합상사 및 벤더, 반도체 전문 50여 개사와 공급망 협력 상담을 진행한다. 이번 한국관 참가사는 서울대...",https://www.seoulfn.com/news/articleView.html?idxno=638968,pos
2026-09-30 12:56,hellot,종합상사,[산업AI EXPO 프리뷰] 에이전틱 AI ② | 가격이 오르내림만 보면 될까? 어...,"어쎈드는 현재 국내 종합상사와 원자재 거래 업무에 아이오스를 적용하는 개념증명(PoC)을 진행하고 있다. 국내 5대 금융사와 투자 정보 서비스 검증도 추진하고 있다. 농산물·에너지·금속을 비롯한 원자재 거래, 금융...",https://www.hellot.net/news/article.html?no=115200,pos
2026-09-30 12:02,dealsite,포스코,"LG엔솔, 포스코퓨처엠 LFP 양극재 도입…국내기업과 첫 손발 맞춘다",LG에너지솔루션이 포스코퓨처엠과 손잡고 인산리튬철(LFP) 양극재를 도입한다. LG엔솔이 국내 배터리 소재... 30일 업계에 따르면 LG엔솔은 포스코퓨처엠과 대규모 LFP 양극재 공급계약 체결을 위한 막바지 논의를...,https://dealsite.co.kr/articles/169855,pos
2026-09-30 11:56,코리아IT타임즈,핵심광물,"LS에코에너지, 베트남서 방산용 희토류 생산…비중국 공급망 선점 나선...","이번 투자가 주목되는 배경에는 미국을 중심으로 빨라지고 있는 핵심광물 공급망 재편이 있다. 미국 국방 조달 규정은 2027년 1월부터 사마륨-코발트 자석에 대한 제한 범위를 원료 채굴·생산에서 분리·정제, 금속 및...",https://www.koreaittimes.com/news/articleView.html?idxno=157664,pos
2026-09-30 11:56,ilyoseoul,희토류,"LS에코에너지, 비중국 희토류 공급망 만든다… 방산 소재 생산 본격화",방산용 희토류 금속 생산시설을 구축하며 비중국권 공급망 확보에 나선다. 116억원을 투자해 연간 240톤 규모의 사마륨 금속 생산체계를 마련하고 오는 12월 시양산에 들어갈 계획이다. 중국산 희토류 의존도를...,https://www.ilyoseoul.co.kr/news/articleView.html?idxno=523161,pos
2026-09-30 11:54,econovill,희토류,"LS에코에너지, 베트남에 방산용 희토류 생산거점 구축",LS에코에너지가 베트남에 방산용 희토류 금속인 사마륨 생산시설을 구축하며 비중국 희토류 공급망 구축에 속도를 내고 있다. LS에코에너지는 116억원을 투자해 베트남 호찌민에 위치한 생산법인 LSCV 부지에 사마륨...,https://www.econovill.com/news/articleView.html?idxno=752248,pos
2026-09-30 11:53,문화일보,희토류,中 ‘전략적 안정’의 숨은 뜻[뉴스와 시각],"양국은 무역과 첨단기술, 희토류 수출통제 등을 놓고 여전히 치열하게 맞서고 있다. 다만, 경쟁이 통제 불가능한 충돌로 번지는 것은 막으려 한다. 광범위한 보복 조치 대신 특정 기업이나 제품을 겨냥한 선별적 조치를...",https://www.munhwa.com/article/11620496?ref=naver,neg
2026-09-30 11:52,thelec,희토류,"LS에코에너지, 베트남에 방산용 희토류 생산거점 구축",LS에코에너지가 베트남에 방산용 희토류 금속인 사마륨(Samarium) 생산시설을 구축한다. LS에코에너지는... LS에코에너지는 베트남 생산시설을 기반으로 중국산 희토류 의존도를 낮춘 공급망을 구축한다. 호주...,https://www.thelec.kr/news/articleView.html?idxno=63001,pos
2026-09-30 11:48,한국일보,희토류,"LS에코에너지, 비중국권 최초 '방산용 희토류' 생산 거점 구축","사진=LS에코에너지 LS에코에너지가 비중국권 최초로 방위 산업용 희토류 금속 생산에 본격 나선다.... 이상호 LS에코에너지 대표는 ""희토류 자원이 부족한 한국도 고부가가치 소재·부품 제조를 통해 글로벌...",https://weekly.hankooki.com/news/articleView.html?idxno=7186612,pos
2026-09-30 11:48,한국금융신문,포스코인터내셔널,韓·페루 비즈니스 친선협회 창립,"한·페 비즈니스협회에는 HD현대중공업, LIG D&A, 고려아연, 도화엔지니어링, 한국공항공사, 현대로템, LS MnM, 포스코인터내셔널 등 페루 관련 사업을 추진하는 기업과 기관이 참여했다. 문화 분야에서는 한문화진흥협회...",https://www.fntimes.com/html/view.php?ud=2026093011411285379bdb80fab5_18,pos
2026-09-30 11:47,디지털데일리,포스코,"포스코이앤씨, ‘더샵 천안라크원’ 10월 공급","포스코이앤씨가 오는 10월 충남 천안시 서북구 부대동 부성2 도시개발구역에서 ‘더샵 천안라크원’을 공급한다고 30일 밝혔다. 더샵 천안라크원은 지하 2층~지상 최고 37층, 10개 동, 총 1290가구 규모다....",https://www.ddaily.co.kr/page/view/2026093011465195496,pos
2026-09-30 11:42,kyosu,포스코홀딩스,한양대·금오공대 등 18곳 AI중심대학 선정…AX대학원 15곳 지원,"AX대학원은 AI 기술과 산업·도메인 지식을 결합한 AI 융합인재(AX인재) 양성을 지원하는 사업으로 삼성전자, 한화에어로스페이스, 포스코홀딩스, 두산로보틱스, LIG D&A 등 국내 대표 산업군을 이끄는 26개 기업이...",https://www.kyosu.net/news/articleView.html?idxno=210778,pos
2026-09-30 11:40,cnbnews,희토류,"LS에코에너지, 비중국권 최초 '방산용 희토류' 생산한다","방산용 희토류 금속 생산에 본격 나선다. LS에코에너지가 116억 원을 투자해 베트남 호찌민 LSCV 부지에 연간 240톤 규모의 사마륨(Samarium) 금속 생산시설을 구축, 비중국권 최초로 방산용 희토류 금속 생산에 나선다....",https://www.cnbnews.com/news/articleView.html?idxno=1017571,pos
2026-09-30 11:40,newscape,희토류,"LS에코에너지, 베트남서 방산용 희토류 금속 생산 본격화",방산용 희토류 금속을 생산한다. LS에코에너지는 116억원을 투자해 베트남에 사마륨 금속 생산 시설을... 라이너스가 희토류 원료를 공급하고 LS에코에너지가 베트남에서 금속을 생산해 LS전선의 영구자석 공장에...,http://www.newscape.co.kr/news/articleView.html?idxno=124829,pos
2026-09-30 11:38,파이낸셜뉴스,포스코인터내셔널,SK그룹 PRS 7.1조 '최대'…LG·포스코 등 5대그룹 17조 [fn마켓워치],포스코그룹에서는 포스코홀딩스가 포스코인터내셔널과 포스코DX 지분을 기초자산으로 총 2조5000억원 규모의 PRS 거래를 체결했다. LG그룹에서는 LG화학이 LG에너지솔루션 지분을 활용한 PRS 2조원을 보유하고 있다....,https://www.fnnews.com/news/202609301108366708,pos
2026-09-30 11:38,polinews,전력수급기본계획,[뉴스 속 경제용어] '전력망 병목'이 뭐길래 반도체·AI 데이터센터 발...,"현재 적용 중인 제11차 전력수급기본계획은 2038년 최대전력 목표수요를 129.3GW로 전망했다. 용인 반도체 클러스터 등 첨단산업과 AI 확산에 따른 데이터센터, 산업·수송 부문의 전기화로 늘어날 수요를 반영한 수치다. 이...",https://www.polinews.co.kr/news/articleView.html?idxno=744422,pos
2026-09-30 11:36,joongangenews,희토류,"LS에코에너지, 베트남에 방산용 희토류 생산시설...美 방산 공급망 공략","비중국 희토류 공급망 확보의 중요성이 커질 것으로 예상된다. LS에코에너지는 이번 사업을 통해 원료에서 금속, 영구자석으로 이어지는 비중국 공급망을 구축한다는 구상이다. 호주 라이너스가 희토류 원료를...",https://www.joongangenews.com/news/articleView.html?idxno=551475,pos
2026-09-30 11:36,choicenews,포스코인터내셔널,"신한은행, 스테이블코인 기업 해외송금 실증…초점은?",이어 4월에는 포스코인터내셔널까지 협력 범위를 넓혀 기업의 해외송금과 글로벌 자금관리 업무에 블록체인을 적용하는 사업을 추진했다. 국내 은행권은 원화·유로 기반 스테이블코인을 활용한 국제송금 모델도 공동으로...,http://www.choicenews.co.kr/news/articleView.html?idxno=171826,pos
2026-09-30 11:34,widedaily,종합상사,"'무역을 넘어 제조까지' 현대코퍼레이션 50주년…정몽혁 ""100년 기업 청사...","기존 종합상사의 뼈대인 무역 사업을 넘어 제조업까지 영역을 넓히고, 글로벌 경영 조직을 전면 개편한다는 구상이다. 현대코퍼레이션은 지난 29일 서울 그랜드 하얏트 호텔에서 임직원 600여 명이 참석한 가운데 이...",https://www.widedaily.com/news/articleView.html?idxno=301587,pos
2026-09-30 11:32,widedaily,희토류,"""탈중국 방산 희토류 거점 구축""…LS에코에너지, 베트남에 사마륨 공장...",글로벌 희토류 공급망 공략에 나선다. 회사는 베트남 현지 생산법인(LSCV) 부지에 총 116억 원을 투입해 연간... 이번 시설은 중국을 제외한 지역에서 방산용 희토류를 양산하는 사실상 첫 번째 생산 거점이라는 점에서...,https://www.widedaily.com/news/articleView.html?idxno=301586,pos
2026-09-30 11:32,헤럴드경제,포스코홀딩스,‘미션 지향형 AX’로 본업 혁신 “R&D기간 절반이하 단축 목표” [헤럴...,본업의 미션에 집중해서 실제 일을 혁신하는 게 목표입니다.” 임치현 포스코홀딩스 그룹DX전략실장(CDO)은 29일 서울 중구 신라호텔에서 열린 ‘헤럴드 기업포럼 2026’에서 포스코그룹의 인공지능 전환(AX) 방향을...,https://biz.heraldcorp.com/article/10888881?ref=naver,pos
2026-09-30 11:30,enewstoday,희토류,"LS에코에너지, 베트남서 방산용 희토류 생산···비중국 공급망 구축",LS에코에너지가 비중국권 최초로 방산용 희토류 금속인 사마륨(Samarium) 생산에 나선다. 호주 라이너스... 라이너스는 중국 외 지역에서 희토류를 분리·상업 생산하는 유일한 기업이다. 라이너스가 희토류 원료를...,http://www.enewstoday.co.kr/news/articleView.html?idxno=2475541,pos
2026-09-30 11:24,newsmap,포스코,"계약은 1조원, 매출은 유동적…포스코퓨처엠, LFP 수주의 두 얼굴",포스코퓨처엠이 SK온에서 1조원 규모의 리튬·인산·철(LFP) 양극재 공급계약을 따냈지만 계약금액 전부가... 30일 증권업계에 따르면 포스코퓨처엠은 지난 22일 SK온과 2027년부터 2029년까지 3년간 1조742억원 규모의...,https://www.newsmap.co.kr/news/articleView.html?idxno=3653,pos
2026-09-30 11:18,seoulfn,희토류,"LS에코에너지, 非중국권 '최초' 방산용 희토류 생산···베트남에 116억...",LS에코에너지가 중국 외 지역에서는 최초로 항공우주·방위산업에 쓰이는 핵심 희토류 금속 생산 거점을... LS에코에너지는 중국 외 지역에서 희토류를 분리·상업 정제할 수 있는 유일한 기업인 호주 '라이너스'와의...,https://www.seoulfn.com/news/articleView.html?idxno=639001,pos
2026-09-30 11:18,비즈니스포스트,삼척블루파워,"기후솔루션 ""삼척블루파워 신용평가 부실 문제 여전, 기업어음 A2+등급 ...",2026년 1월 기후솔루션 등 기후단체 관계자들이 서울 여의도 금융감독원 앞에서 삼척블루파워에 높은 신용등급을 준 신용평가사들을 조사해줄 것을 촉구하는 기자회견을 진행하고 있다. <비즈니스포스트...,https://www.businesspost.co.kr/BP?command=article_view&num=448267,neg
2026-09-30 11:14,한국일보,희토류,"LS에코에너지, 베트남에 ‘방산용 희토류’ 생산거점 만든다... 중국 밖...",한국의 방위산업용 희토류 생산시설이 비(非)중국권에 세워지는 건 이번이 처음이다. 사마륨은 사마륨... 중국 외 지역에서는 유일하게 희토류를 분리·상업 생산하는 호주 라이너스에서 원료를 공급 받는다. 양사는 7월...,https://www.hankookilbo.com/news/article/A2026093010160002123?did=NA,pos
2026-09-30 11:14,글로벌이코노믹,희토류,"LS에코에너지, 방산용 희토류 ‘탈중국’…베트남 생산거점 구축","호주 희토류 기업 라이너스와의 협력도 생산시설 투자로 구체화됐다. 양사는 지난 7월 각각 300억원 규모의 전환사채(CB)를 상호 인수했으며, 이번 투자는 협력 이후 첫 사업화 사례다. 생산체계는 라이너스의 희토류...",https://www.g-enews.com/view.php?ud=2026093010573718733084322ec9_1,pos
2026-09-30 11:08,MTN,포스코,목동4단지 현설에 현대·포스코 등 4개사…입찰엔 ‘단독’ 응찰 무게,"현대건설과 포스코이앤씨 등 4개사가 참석했다. 업계서는 가장 적극적으로 공을 들여온 현대건설의 단독... 이 자리에는 현대건설과 포스코이앤씨, IPARK현대산업개발, 제일건설이 참석했다.이 가운데 입찰 참여를...",https://news.mtn.co.kr/news-detail/2026093010120288309,pos
2026-09-30 11:08,fntoday,희토류,"LS에코에너지, 베트남에 116억 투자… 방산용 희토류 생산거점 구축","LS에코에너지가 비중국권 최초로 방산용 희토류 금속 생산거점 구축에 나선다. LS에코에너지는 베트남에 신규 설립되는 희토류 사마륨(Sm) 금속 제조 법인 'GLOBAL SHRE METAL(GSHM)'의 지분 58.0%(2,113만 9,872주)를 116억...",https://www.fntoday.co.kr/news/articleView.html?idxno=394181,pos
2026-09-30 11:08,머니투데이,희토류,"LS에코에너지, 베트남에 '방산용 희토류' 생산 거점 구축",국내 기업이 중국권 공급망을 벗어나 희토류 금속을 생산하는 것은 처음이다. 사마륨 금속은 고온에서도... 라이너스는 중국 외 지역에서 희토류를 분리·상업 생산하는 유일한 기업이다. 라이너스가 희토류 원료를...,https://www.mt.co.kr/industry/2026/09/30/2026093010450887643,pos
2026-09-30 11:07,kado,희토류,"LS에코에너지, 비중국권 최초 '방산용 희토류' 생산거점 구축",LS에코에너지가 비중국권 최초로 방산용 희토류 금속 생산에 본격 나선다. LS에코에너지는 116억원을... 라이너스는 중국 외 지역에서 희토류를 분리·상업 생산하는 유일한 기업이다. 라이너스가 희토류 원료를...,https://www.kado.net/news/articleView.html?idxno=2075610,pos
2026-09-30 11:04,핀포인트뉴스,포스코인터내셔널,"""북미 픽업트럭 물량 뚫었다""… 리비안 공급망 핵심주 쾌속 질주",리비안에 구동모터 코어를 공급하는 포스코인터내셔널은 6.25% 오른 5만 7800원에 거래 중이다. 북미 친환경차 모터코어 장기 공급 계약 수혜와 글로벌 종합상사 네트워크를 통한 소재 공급망 확보가 주가 상승의 핵심...,https://www.pinpointnews.co.kr/news/articleView.html?idxno=491368,pos
2026-09-30 11:03,polinews,대미투자특별법,[2026국감] D-6 與 '정책국감·민생국감' vs 국힘 '李 7대실정심판',대미투자특별법은 '상업적 합리성'이 확보되지 않은 투자는 소관 상임위의 동의를 받도록 돼 있다. 두 시간짜리 비공개 보고로 이 절차를 대신할 수 있는지가 쟁점이 될 전망이다. ■ 산자위 — 3대메가프로젝트반도체...,https://www.polinews.co.kr/news/articleView.html?idxno=744409,pos
2026-09-30 11:00,경인방송,희토류,"화려한 외교 의전과 빈 껍데기 성적표, 흔들리는 미·중 패권 속 대한민...","미국과 중국이 농산물과 희토류를 맞바꾸면서 당장의 통상 충돌은 잠시 미뤘습니다. 하지만 AI와 대만, 이란... 시 주석의 미국 국빈 방문이 한 10여 년 만이었다고 하고 또 관세, 희토류 갈등에 대해서 얘기를 했고 뭐 AI...",https://news.ifm.kr/news/articleView.html?idxno=480332,neg
2026-09-30 10:57,헤럴드경제,포스코인터내셔널,직주근접 선호 높아지는 주택시장…‘시티오씨엘 9단지 오션파크뷰’ 공...,송도국제도시에는 삼성바이오로직스·셀트리온·포스코인터내셔널 등 기업과 업무시설이 위치해 있어 인접 지역에서도 관련 주거 수요가 형성되고 있다. 지역별 주택가격에도 차이가 있다. 부동산R114 자료에 따르면...,https://biz.heraldcorp.com/article/10888737?ref=naver,pos
2026-09-30 10:52,forbeskorea,포스코,포스코 - 로봇 기반 스마트 시설관리 체계 구축,포스코는 로봇 기반의 스마트 시설관리 시스템을 구축해 작업자의 안전성을 높이는 동시에 고객 편의... 포스코가 포스코와이드와 함께 포스코센터에 로봇 기술을 적용한 스마트 시설관리 체계를 구축했다. 시설관리...,https://www.forbeskorea.co.kr/news/articleView.html?idxno=402610,pos
2026-09-30 10:50,서울경제,희토류,"LS에코에너지, 베트남에 ‘방산용 희토류’ 생산거점 구축…非중국권 최...",LS에코에너지(229640)가 미국의 방산용 희토류 공급망 규제 강화에 대응해 베트남에서 사마륨 금속 생산에 나선다. 호주 라이너스가 공급한 희토류 원료를 베트남에서 금속으로 가공한 뒤 LS전선의 영구자석...,https://www.sedaily.com/article/20096478?ref=naver,pos
2026-09-30 10:48,서울경제,종합상사,‘창립 50년’ 현대코퍼레이션 “제조기업 추가 인수 추진”,1976년 정 명예회장의 수출입국 철학 아래 설립된 현대종합상사는 현대그룹의 수출 창구로 전 세계에서 새로운 판로를 개척해왔다. 호주 드레이튼 탄광과 예멘 마리브 유전 개발을 통해 해외 자원개발의 길을 열었고...,https://www.sedaily.com/article/20096477?ref=naver,pos
2026-09-30 10:48,아이뉴스24,포스코,"[기자수첩] 김성호 포스코노조 위원장 논란…""누구를 위한 위원장인가""","포스코노동조합 김성호 위원장을 둘러싼 여러 논란을 취재하면서 기자에게 가장 많이 남은 것은 의혹... 포스코노조는 지금 누구를 바라보고 있는가. 회사를 바라보는 것도, 내부의 문제 제기자를 바라보는 것도 그...",http://www.inews24.com/view/2010108,neg
2026-09-30 10:40,getnews,종합상사,"상사 외길 '반세기 뚝심' 현대코퍼레이션그룹 정몽혁 회장 ""무역·제조 ...",현대코퍼레이션그룹은 1976년 정주영 명예회장의 수출입국(輸出立國) 철학 아래 설립된 현대종합상사는 현대그룹의 수출창구로서 전 세계에 새로운 판로를 개척하며 대한민국을 대표하는 종합상사다. 정 회장은 이날...,https://www.getnews.co.kr/news/articleView.html?idxno=882183,pos
2026-09-30 10:38,newscham,전력수급기본계획,3대 메가프로젝트? “노동자들에게 돌아올 것 없다”,2020년대 초반 전력수급기본계획 공청회에서 처음 접했어요. 소문만 무성했는데 문서로 보니 “현실로 닥쳐오는구나” 싶었죠. 작년 12월엔 1호기가 가동 중단되면서 심각성을 체감했고요. 큰 기업 소속이라면 다른...,https://newscham.net/articles/117247,neg
2026-09-30 10:28,the-biz,포스코인터내셔널,"가스공사, LNG 시설 공동이용사와 요금·계통운영 현안 논의","배관시설 공동이용 대상은 포스코와 GS EPS, 파주에너지서비스, SK하이닉스, GS칼텍스, S-OIL, 포스코인터내셔널 등 18개사다. 시설이용요금은 매월 검침한 공급량과 계약용량을 기준으로 산정한다. 가스공사 관계자는...",http://www.the-biz.co.kr/news/articleView.html?idxno=728562,pos
2026-09-30 10:24,뉴스1,종합상사,"현대코퍼레이션, 무역 넘어 제조로…해외 10곳 '글로벌 본사' 키운다","기존 종합상사 중심의 사업 구조에서 제조 영역으로 가치사슬을 확대하고, 전 세계 10개 권역을 독립적인 사업 발굴·투자 거점으로 키워 100년 기업의 기반을 마련한다는 구상이다. 현대코퍼레이션그룹은 지난 29일...",https://www.news1.kr/industry/general-industry/6305624,pos
2026-09-30 10:19,헤럴드경제,종합상사,현대코퍼레이션 창립 50돌…정몽혁 “잠깐 1등 아닌 오래 지속가능한 일...,현대코퍼레이션은 1976년 고(故) 정주영 현대그룹 명예회장의 수출입국(輸出立國) 철학 아래 설립된 현대종합상사가 전신이다. 호주 드레이튼 탄광과 예멘 마리브 유전 개발을 통해 해외 자원개발의 길을 열었고...,https://biz.heraldcorp.com/article/10888625?ref=naver,pos
2026-09-30 10:10,financialreview,포스코,"신안산선 건설현장 사고 95건, 절반 넘게 포스코이앤씨 구간",/사진=유상범 의원실 신안산선 복선전철 건설현장에서 2021년 이후 95건의 사고가 발생한 가운데 절반 이상이 포스코이앤씨 시공 구간에서 발생한 것으로 나타났다. 전체 사망자 5명 가운데 4명도 포스코이앤씨가...,http://www.financialreview.co.kr/news/articleView.html?idxno=45177,neg
2026-09-30 10:10,뉴스핌,포스코,"포스코미술관 광양, '파노라마 워크' 준공 기념전 내달 6일 개막",포스코미술관 광양이 구봉산 체험형 조형물 '파노라마 워크' 준공을 기념해 조성 과정과 광양의 자연·산업 경관을 아카이브와 영상으로 선보이는 전시를 연다. 광양제철소는 오는 10월 6일부터 11월 28일까지 포스코...,https://www.newspim.com/news/view/20260930000232,pos
2026-09-30 10:02,조선일보,종합상사,현대코퍼레이션 창립 50주년…정몽혁 “제조기업 인수해 무역·제조 융...,지난 1976년 정 명예회장의 수출입국(輸出立國) 철학 아래 설립된 현대종합상사는 현대그룹의 수출창구로서 전 세계에 새로운 판로를 개척하며 대한민국 대표 종합상사로 성장했다. 호주 드레이튼 탄광과 예멘 마리브...,https://www.chosun.com/economy/industry-company/2026/09/30/4IIFSZ5G3JE6PLAGOUTZC37IVI/?utm_source=naver&utm_medium=referral&utm_campaign=naver-news,pos
2026-09-30 10:00,hansbiz,종합상사,"제이앤피메디, 약국·병의원에 AI 심는다",외부 IT·SaaS 솔루션을 발굴해 제약·바이오 및 헬스케어 현장에 공급하는 '제약·바이오 DX·AX 종합상사' 모델을 본격화할 방침이다. 최근 신설한 FDBG(Forward Deployed Business Group)가 사업 확대의 중심 역할을 맡는다. FDBG는...,http://www.hansbiz.co.kr/news/articleView.html?idxno=868848,pos
2026-09-30 09:58,월요신문,팜유,"[리뷰] 삼양식품 '짜르르', 맛있다! 그런데 물의 양을 조리법대로 해야...",'우지로 튀긴' 라면이라고 광고하지만 실제는 우지와 팜유를 자체 비율(삼양식품은 이를 '골든 블랜드 오일'이라 부른다)로 섞어 튀겨냈다. 면의 냄새를 맡아보면 일반 팜유 튀긴면과 다른 향이 난다. 특이한 것은 물을...,https://www.wolyo.co.kr/news/articleView.html?idxno=318424,pos
2026-09-30 09:57,아시아경제,종합상사,"현대코퍼레이션그룹 창립 50주년…정몽혁 ""지속가능 일류기업 도약""",1976년 정 명예회장의 '수출입국(輸出立國)' 철학 아래 설립된 현대종합상사는 현대그룹의 수출창구로 세계에 새로운 판로를 개척하며 대한민국을 대표하는 종합상사로 성장했다. 호주 드레이튼 탄광과 예멘 마리브 유전...,https://view.asiae.co.kr/article/2026093009575945077,pos
2026-09-30 09:56,뉴데일리,종합상사,"현대코퍼레이션 창립 50주년 … 정몽혁 회장 ""제조기업 인수·글로벌 본...","뉴데일리 김수한 기자 = 현대코퍼레이션그룹이 창립 50주년을 맞아 종합상사의 기존 무역업을 넘어 제조업으로 영역을 넓히고, 전 세계 해외 거점 10곳을 글로벌 본사로 격상해 새로운 글로벌 경영체계로 전환하겠다는...",https://biz.newdaily.co.kr/site/data/html/2026/09/30/2026093000100.html,pos
2026-09-30 09:54,더구루,포스코인터내셔널,"트럼프, 73조 규모 알래스카 LNG 프로젝트 발표 임박…대우건설, LNG 사업...",포스코인터내셔널도 수혜 기업으로 분류된다. 포스코인터내셔널은 이미 알래스카 LNG 프로젝트 지분 3.5%를 확보한 상태다. 또 지난해 글렌판과 연간 100만톤의 알래스카 LNG를 20년간 공급받는 내용의 예비 계약을...,https://www.theguru.co.kr/news/article.html?no=107703,pos
2026-09-30 09:50,fntoday,핵심광물,"트럼프·시진핑 정상회담, 관세·펜타닐 일부 진전…희토류·대만 쟁점...","도널드 트럼프 미국 대통령과 시진핑 중국 국가주석의 워싱턴 정상회담이 양국 관계의 긴장을 완화하는 계기를 마련했지만, 희토류를 비롯한 핵심광물과 대만, 사이버 안보 등 주요 현안에서는 뚜렷한 돌파구를 만들지...",https://www.fntoday.co.kr/news/articleView.html?idxno=394143,pos
2026-09-30 09:50,iminju,광양 LNG,"코리아자산운용, 그룹사 에너지·인프라 확장에 금융 통로 될까","한국기업평가는 차입부담 확대 배경에 대해 ""광양그린에너지, 동북아LNG허브터미널 등 에너지사업 관련 지분출자와 김포풍무 등 자체사업 진행을 위한 용지 선투자, 계열 내 대여부담 등이 누적됐다""고 설명했다....",http://www.iminju.net/news/articleView.html?idxno=170100,pos
2026-09-30 09:36,cnbizm,팜유,[문화현장] 호암미술관 로비 막은 벽화와 정원에 내려온 달,인도네시아 작가 엘리아 누르비스타는 팜유 산업과 글로벌 경제의 복잡한 관계를 담은 사변적 영상과 바틱 구조물을 선보인다. 화물트럭의 공차 운행을 암시하는 제목을 지닌 미셸 창 친의 작업은 임시 구조물을 조립하며...,https://www.cnbizm.com/news/articleView.html?idxno=316581,pos
2026-09-30 09:35,뉴스핌,종합상사,"현대코퍼레이션그룹, 창립 50주년…'10개 글로벌 본사' 비전 제시","현대코퍼레이션의 전신인 현대종합상사는 1976년 설립됐다. 이후 호주 드레이튼 탄광과 예멘 마리브 유전 개발, 북방교역 개척 등 해외 사업을 확대했다. 외환위기 이후 워크아웃을 거쳤으며 2009년 현대 계열로...",https://www.newspim.com/news/view/20260930000267,pos
2026-09-30 09:32,esgeconomy,전력수급기본계획,[정책브리핑] '2030년 재생에너지 100GW' 위해 기존 전력망 더 연다,정부는 현재 수립 중인 제12차 전력수급기본계획(전기본)에 구체적인 ESS 보강 방안도 담을 계획이다. 소위 '전력망 알박기'도 근절·해소한다. 전력망 접속권을 확보하고도 사업을 진행하지 않는 '허수 사업'의...,https://www.esgeconomy.com/news/articleView.html?idxno=16873,pos
2026-09-30 09:26,namdonews,팜유,"[특징주] LX인터내셔널, 3분기 호실적 전망에 5%대 상승",자원 부문도 석탄 가격과 팜유 가격 흐름 등에 따라 양호한 실적이 이어질 것으로 분석했다. 신한투자증권은 LX인터내셔널에 대해 투자의견 '매수'와 목표주가 6만6천원을 유지했다. 최근 증권가에서도 3분기 실적...,https://www.namdonews.com/news/articleView.html?idxno=924779,pos
2026-09-30 09:26,내일신문,종합상사,현대코퍼레이션 창립 50년 맞아,"현대코퍼레이션은 1976년 현대그룹의 수출창구인 현대종합상사로 출발했다. 5년 연속 국내 단일기업 수출 1위, 국내 최초 250억달러 수출탑 달성 등의 기록을 세웠다. 외환위기와 워크아웃을 겪은 뒤 2009년 현대가로...",https://www.naeil.com/news/read/603727?ref=naver,pos
2026-09-30 09:24,아주경제,종합상사,"정몽혁 현대코퍼레이션 회장 ""1등 아닌 오래 살아남는 일류 될 것""",1976년 현대종합상사로 출발한 현대코퍼레이션은 국내 최초 250억 달러 수출탑 달성하고 해외 자원개발 개척과 5년 연속 국내 단일기업 수출 1위 기록 등을 세우며 한국 무역사를 이끌어왔다. 외환위기와 워크아웃을...,https://www.ajunews.com/view/20260930092011437,pos
2026-09-30 09:24,아주경제,종합상사,"AI로 돌아온 정주영 ""길 없으면 만들면 돼""…'창립 50주년' 현대코퍼, 제...","현대코퍼레이션은 1976년 현대종합상사로 출발해 현대그룹의 해외 수출창구 역할을 맡았다. 호주 드레이튼 탄광과 예멘 마리브 유전 개발, 북방교역 개척 등을 거치며 사업 영역을 넓혔다. 이후 외환위기와 워크아웃을...",https://www.ajunews.com/view/20260930092011437,pos
2026-09-30 09:22,이투데이,종합상사,현대코퍼레이션그룹 50주년…정몽혁 회장 “무역·제조 결합해 10개 글로...,"현대코퍼레이션은 1976년 현대종합상사로 출범해 현대그룹의 수출창구 역할을 맡았다. 호주 드레이튼 탄광과 예멘 마리브 유전 개발, 북방교역 개척, 5년 연속 국내 단일기업 수출 1위, 국내 최초 250억달러 수출탑 달성...",https://www.etoday.co.kr/news/view/2630720,pos
2026-09-30 09:20,이데일리,종합상사,"정몽혁 회장 ""지속가능한 일류기업으로""…현대코퍼레이션, 100년 기업 새...",지난 50년간 종합상사로 축적한 글로벌 네트워크를 제조업으로 확장하고 경영 체계까지 현지 중심으로 바꿔 ‘100년 기업’으로 도약한다는 구상이다. 현대코퍼레이션그룹은 29일 서울 그랜드 하얏트 서울에서 국내외...,https://www.edaily.co.kr/News/Read?newsId=02978246645585368&mediaCodeNo=257&utm_source=naver&utm_medium=referral&utm_campaign=news_syndication&utm_content=original_article,pos
2026-09-30 09:18,rapportian,종합상사,"제이앤피메디, 다올데이터와 헬스케어 유통 DX·AX 사업계약",DX·AX 종합상사' 모델을 본격화한다는 방침이다. 이 과정에서 최근 신설한 현장 밀착형 전담 조직인 FDBG(Forward Deployed Business Group)가 핵심적인 역할을 수행할 예정이다. FDBG는 제약·바이오·헬스케어 기업의 DX·AX를...,https://www.rapportian.com/news/articleView.html?idxno=240819,pos
2026-09-30 09:18,snmnews,포스코,[단독] 포스코 조강 전량 수소환원제철 전환 땐…수소 생산에만 국내 1...,포스코의 수소환원제철 전환이 기업의 설비 투자를 넘어 국가 에너지 인프라와 연계된 과제로 떠오르고... ◇ 수소 생산에만 국내 전력판매량 35% 포스코 자료에 따르면 수소환원제철을 통해 연간 200만 톤을 생산할...,http://www.snmnews.com/news/articleView.html?idxno=575293,pos
2026-09-30 09:01,파이낸셜뉴스,종합상사,"정몽혁 회장 ""다음 50년은 100년 기업으로""…현대코퍼레이션, 제조·글로...",지난 1976년 정주영 명예회장의 수출입국(輸出立國) 철학 아래 설립된 현대종합상사는 현대그룹의 수출창구로서 전 세계에 새로운 판로를 개척하며 대한민국을 대표하는 종합상사로 성장해 나갔다. 호주 드레이튼...,https://www.fnnews.com/news/202609300839321947,pos
2026-09-30 08:58,the-biz,핵심광물,"[친환경의 함정③] 쏟아지는 폐배터리, 평가·보관·재활용 '병목'","회수한 배터리를 평가·유통·재활용하는 속도가 국내 핵심광물 공급망과도 연결되는 셈이다. 산업적 가치도 커진다. SNE리서치는 글로벌 배터리 재활용 시장이 2030년 535억6900만달러, 2040년 1741억2000만달러 규모로 확대될...",http://www.the-biz.co.kr/news/articleView.html?idxno=728016,pos
2026-09-30 08:24,KPE,포스코,"포스코미술관 광양, '파노라마 워크' 준공 기념전..내달 6일 개최",기념해 포스코미술관 광양에서 오는 10월 6일부터 11월 28일까지 '파노라마 워크 : THE INFINITE LIGHT' 전시를... 기념해 포스코미술관 광양에서 오는 10월 6일부터 11월 28일까지 '파노라마 워크 : THE INFINITE LIGHT' 전시를...,https://kpenews.com/View.aspx?No=4245992,pos
2026-09-30 08:20,매일일보,종합상사,"제이앤피메디-다올데이터, 헬스케어 유통 DX·AX 사업 계약 체결",회사는 우수한 정보기술 및 서비스형 소프트웨어를 발굴해 제약·바이오 및 헬스케어 산업에 공급하는 '제약·바이오 디지털·인공지능 전환 종합상사' 모델을 구축한다는 계획이다. 이를 위해 최근 신설한 현장 밀착형...,https://www.m-i.kr/news/articleView.html?idxno=2000904,pos
2026-09-30 08:18,gasnews,전력수급기본계획,"[인터뷰] 한국수소연료전지산업협회 서흥원부회장 ""연료전지시장 둔화...","수소발전입찰시장(HPS)의 시장 개설과 운영, 제12차 전력수급기본계획 수립, 관련 법령 개정에 따른 제도전환 등이 대표적입니다. 산업 생태계 전반과 연결된 사안인 만큼, 이러한 현안들을 중심으로 산학연과 유관기관이...",https://www.gasnews.com/news/articleView.html?idxno=126980,pos
2026-09-30 08:16,wsobi,포스코,"포스코, SK온과 LFP 양극재 공급계약 체결...AI 에이전트인 'Agentee-C' 개발...",포스코퓨처엠은 SK온과 LFP 양극재 공급계약을 체결했으며 포스코DX는 AI 에이전트인 'Agentee-C'를 개발했다. 또한 포스코그룹은 포스코포럼을 통해 미래 성장전략인 '트리플코어' 실행 방안을 논의했다....,http://www.wsobi.com/news/articleView.html?idxno=318932,pos
2026-09-30 08:00,itbiznews,포스코홀딩스,AI중심대학·AX대학원 공동 출범…대학 교육 AI전환 본격화,"삼성전자, 한화에어로스페이스, 포스코홀딩스, 두산로보틱스, LIG D&A 등 국내 대표 산업군을 이끄는 26개 기업이 공동연구개발기관으로 참여한다. 참여 기업·대학은 공동으로 AX연구협력센터를 설치해 AX 특화연구를...",https://www.itbiznews.com/news/articleView.html?idxno=226588,pos
2026-09-30 07:34,asiatoday,포스코인터내셔널,한국·페루 비즈니스 친선협회 공식 출범…양국 기업 협력 ‘새 플랫폼...,"창립에는 HD현대중공업, LIG D&A, 고려아연, 도화엔지니어링, 한국공항공사, 현대로템, LS MnM, 포스코인터내셔널 등 페루 관련 사업을 추진하거나 현지 시장과 협력 관계를 구축해 온 주요 기업과 기관들이 참여했다.문화...",https://www.asiatoday.co.kr/kn/view.php?key=20260930000725569,pos
2026-09-30 07:30,digitaltoday,포스코홀딩스,"AI 전공자만 키우던 시대 끝…대학, 'AI 인재공장'으로 변신 중","삼성전자와 한화에어로스페이스, 포스코홀딩스, 두산로보틱스 등 26개 기업이 공동연구개발기관으로 참여한다. 대학과 기업은 'AX연구협력센터'를 공동 설치하고 대학 교원과 기업 겸임교원이 학생을 함께 지도하는...",https://www.digitaltoday.co.kr/news/articleView.html?idxno=703520,pos
2026-09-30 07:06,dealsite,핵심광물,PE·VC 불만 쏟아진 국민성장펀드…내년 리그 분리 검토,"이차전지와 디스플레이, 미래모빌리티, 로봇, 바이오·헬스케어, 핵심광물, 원전, 우주·방산 등이 꼽힌다. 세컨더리펀드가 별도 투자 분야로 편성될지도 관심사다. 산은은 국내 회수시장 활성화를 이끌 세컨더리펀드의...",https://dealsite.co.kr/articles/169801,pos
2026-09-30 07:02,비즈니스포스트,종합상사,[Who Is ?] 김성원 GS글로벌 대표이사 사장,"GS글로벌 관계자는 ""종합상사의 글로벌 네트워크와 공급망 관리 역량을 기반으로 식품 밸류체인을 연결하는 푸드솔루션사업을 신성장 동력으로 육성하고 있다""며 ""다양한 K-푸드를 글로벌 시장에 연결하는 종합...",https://www.businesspost.co.kr/BP?command=article_view&num=448228,pos
2026-09-30 07:02,인베스트조선,포스코인터내셔널,[Invest]3분기 M&A 자문 삼일 1위·UBS 2위…회계법인·IB 연말까지 선두...,"7위 뱅크오브아메리카(BofA)는 SK호라이즌 투자유치에서 IMM인베스트먼트·스톤브릿지캐피탈 측을 대리했고, 포스코인터내셔널의 미국 마셀러스 천연가스 자산 인수도 지원했다.올 들어 삼일PwC, 삼정KPMG에 이어...",https://www.investchosun.com/site/data/html_dir/2026/09/29/2026092980175.html,pos
2026-09-30 07:02,dealsite,포스코,"LFP 생산 나선 포스코퓨처엠, 기존 설비 활용한 신속 대응 주목",SK온과 1.1조 공급계약 체결…포항 하이니켈 공장서 LFP 생산 본격화 포스코퓨처엠이 기존 하이니켈 양극재... 업계에 따르면 포스코퓨처엠은 최근 SK온과 1조1000억원 규모의 LFP 양극재 공급계약을 체결했다. 지난달...,https://dealsite.co.kr/articles/169721,pos
2026-09-30 07:00,머니투데이,포스코홀딩스,"[알림] 李대통령 ""AI와 에너지 결합"", 1년만에 현실로…2027년은?","윤일용 포스코홀딩스 미래기술연구원 AI로봇융합연구소장, 이광원 LG전자 어플라이드사업담당, 김희성 브라이트에너지파트너스 의장이 마이크를 잡고 AI 혁명 시대 에너지 대전환에 대해 설명한다. 셋째날인 다음달...",https://www.mt.co.kr/industry/2026/09/30/2026092915053199093,pos
2026-09-30 06:26,글로벌이코노믹,핵심광물,"G7 연합, 640억 유로 규모 195개 ‘핵심 광물 프로젝트 자본 지원과 가격...","9월 28일(현지시각) 글로벌 자원 투자 전문 매체 크럭스 인베스터(Crux Investor) 보도에 따르면, G7 정상회의 산하 핵심광물안보파트너십(MSP)과 EU 집행위원회는 전 세계 195개 민간 핵심 광물 채굴 및 정·제련 프로젝트를...",https://www.g-enews.com/view.php?ud=2026092923222943760c8c1c064d_1,pos
2026-09-30 06:22,대한경제,전력수급기본계획,호남 태양광 공사 문 다시 열린다… ESS 발주 ‘시동’,"내년 초 사업에 착수하고, 전체 규모는 12차 전력수급기본계획에서 확정한다. 배전선로에도 ESS를 깔아 햇빛소득마을 등 태양광 추가 접속을 돕는다. 낮에 남는 태양광 전력을 저장했다가 밤에 내보내 망 포화를 푸는...",https://www.dnews.co.kr/uhtml/view.jsp?idxno=202609291356422460737,pos
2026-09-30 06:11,서울경제,전력수급기본계획,전력망 용량 넘어도 태양광 접속…호남·충청 접속제한 풀린다[Pick코노...,정부 관계자는 “송전망으로 전기를 보내는 대형 발전소와 달리 태양광 발전소는 배전망에 연결돼 계통에 더 부담을 주는 문제가 있었다”며 “이 같은 점을 고려해 12차 전력수급기본계획에는 변전소와 전력망에...,https://www.sedaily.com/article/20096337?ref=naver,neg
2026-09-30 06:10,consumernews,포스코,현대건설·포스코이앤씨·대방건설 등 국감 '비상'...GTX 철근 누락·사...,"구교운 대방그룹 회장, 송치영 포스코이앤씨 대표, 임낙호 현대건설 토목사업본부장 등은 국감 증인으로... 포스코이앤씨 송 대표는 광주시와의 가연성폐기물연료화시설(SRF) 운영비 분쟁으로 법제사법위원회 증인으로...",http://www.consumernews.co.kr/news/articleView.html?idxno=764862,pos
2026-09-30 06:02,이데일리,핵심광물,"[데스크의눈]무극화 시대, 외교의 힘은 산업경쟁력","기업이 여러 시장에서 활동할 수 있도록 외교의 공간을 넓히고, 핵심광물·에너지·공급망 협력을 외교 의제로 끌어올리는 동시에 국내에서는 기업의 투자와 기술개발을 가로막는 규제를 걷어내야 한다. 결국 기업은...",https://www.edaily.co.kr/News/Read?newsId=02132006645585368&mediaCodeNo=257&utm_source=naver&utm_medium=referral&utm_campaign=news_syndication&utm_content=original_article,pos
2026-09-30 06:02,asiatoday,전력수급기본계획,"재생에너지 변동성 잡는 ‘물 배터리’…한수원, 양수발전 진용 확대",현재 수립 중인 제12차 전력수급기본계획에 신규 양수발전이 추가로 반영될 경우 한수원의 양수발전 규모는 더 커질 수 있다. 양수발전은 상부와 하부에 각각 저수지를 두고 물을 오가게 해 전력을 저장·생산하는...,https://www.asiatoday.co.kr/kn/view.php?key=20260929010010331,pos
2026-09-30 06:02,EBN,전력수급기본계획,"""빅테크 3조 달러 쏟아붓는다""…코스닥 'AIDC 수혜주' 주목",국내에서도 2030년까지 계획된 데이터센터 증설 물량(약 9.4GW) 중 12차 전력수급기본계획 등을 토대로 실제 착공이 가시화될 물량만 최소 5.2GW에 이를 것으로 추산된다. ◆비상발전기 쇼티지에 슈퍼커패시터 도입 활발...,https://www.ebn.co.kr/news/articleView.html?idxno=1726082,pos
2026-09-30 06:02,뉴스토마토,포스코,(포스코 장인화 3년)(단독)전문가로 꾸린다던 안전자회사…전문인력 ‘...,"뉴스토마토 = 윤영혜 기자 | 반복적인 중대재해 사고에 대한 대책으로 장인화 포스코(005490)그룹 회장이... 당초 장 회장은 안전진단, 솔루션 제공 등 관리를 전문으로 하는 자회사 신설을 약속했지만, 출범한 포스코세이프...",http://www.newstomato.com/ReadNews.aspx?no=1314913&inflow=N,pos
2026-09-30 06:02,뉴스토마토,포스코,(포스코 장인화 3년)“안전 최우선” 외쳤지만…작업관리체계 ‘구멍투...,뉴스토마토 = 윤영혜 기자 | ‘안전 최우선’을 내건 장인화 회장의 경영 방침과는 달리 포스코(005490)그룹... 30일 포스코홀딩스가 3월 발표한 사업보고서에 따르면 지난해 그룹 내 산업안전보건법 위반 내역만 총 16건에...,http://www.newstomato.com/ReadNews.aspx?no=1315037&inflow=N,neg
2026-09-30 06:00,뉴시스,종합상사,"13년 만에 日 재진출한 기아…""PV5 앞세워 연 1000대 판매 도전""","지난 5월 기아의 현지 파트너사인 일본 종합상사 소지츠는 수도 도쿄를 시작으로 딜러망을 개설하며 판매를 시작했다. 일본 최대 규모 캠핑카 브랜드인 LAC 모빌은 구라시키에 판매점을 열었고, 다른 캠핑카 브랜드...",https://www.newsis.com/view/NISX20260929_0003807516,pos
2026-09-30 06:00,ziksir,포스코인터내셔널,"""공장 짓고 정비망 깔아라""…K방산, 현지화 질주 속 '낙수효과' 숙제","(왼쪽부터) 김정관 산업통산부 장관, 김종출 KAI 대표이사, 루이스 리스카노 FEMIA CEO, 이계인 포스코인터내셔널 대표이사, 마르셀로 에브라르드 멕시코 경제부 장관. [KAI] ◇해외 조달 확대에 국내 물량 우려…협력사...",https://www.ziksir.com/news/articleView.html?idxno=147724,pos
2026-09-30 06:00,뉴스핌,포스코홀딩스,"IPARK현대산업개발, 복정역세권 개발 이끈다...위례신도시도 기대감",복정역 일대에는 현대차와 포스코홀딩스 등 대기업 연구시설이 들어서면서 관련 종사자들의 정주 수요와 유동인구가 늘어날 것으로 전망된다. 여기에 인근 위례신도시는 위례선이 올해 말 개통을 앞두고 있어 교통...,https://www.newspim.com/news/view/20260929001026,pos
2026-09-30 05:18,ddanzi,핵심광물,미·중 정상회담이 보여준 불편한 장면 : 힘은 있으나 지도력이 없다,"희토류와 핵심광물의 조건이 바뀌면 한국과 유럽 기업은 공급망을 다시 짠다. 반도체와 기술 규제가 움직이면 일본과 한국, EU의 정책도 달라진다. 강대국의 합의는 곧 다른 나라의 계산으로 번진다. 실제로 미·중...",http://www.ddanzi.com/895883780,pos
2026-09-30 05:01,매일신문,전력수급기본계획,"[사설] 철강까지 원전 찾는 시대, 전력정책 다시 짜야",정부는 제12차 전력수급기본계획에 원전 역할을 반영하기 위해 3개월간 공론화를 추진한다. 원전 찬반을 넘어 AI·반도체와 제조업 탈탄소가 함께 창출할 장기 수요를 토대로 계속운전 원전과 신규 대형 원전 건설...,https://www.imaeil.com/page/view/2026092916440555495,pos
2026-09-30 04:32,이데일리,전력수급기본계획,"""산업현장 화석연료 사용 줄이고…비용 따져 전환 속도는 조절해야""","전력수급기본계획(전기본)의 역할도 명확히 해야 한다. 전기본은 국가의 중장기 에너지 정책 방향에 따라 전력 수요를 전망하고, 발전설비와 전력망을 어떻게 확충할지 구체적인 실행 방안을 담는 계획이다. 문제는...",https://www.edaily.co.kr/News/Read?newsId=01597366645585368&mediaCodeNo=257&utm_source=naver&utm_medium=referral&utm_campaign=news_syndication&utm_content=original_article,neg
2026-09-30 04:32,이데일리,전력수급기본계획,남는 낮전기 저장했다가 공급…송전망 병목 풀자,이러한 대책을 중장기적인 전력 수급과 투자 계획으로 연결할 전력수급기본계획(전기본)의 역할도 중요해지고 있다. 과거 대규모 발전설비의 건설 계획을 중심으로 담았던 전기본이 이제 지속가능한 전력 산업 생태계를...,https://www.edaily.co.kr/News/Read?newsId=01584246645585368&mediaCodeNo=257&utm_source=naver&utm_medium=referral&utm_campaign=news_syndication&utm_content=original_article,pos
2026-09-30 04:00,머니투데이,핵심광물,"경제안보 시대, 한국에 필요한 '선택의 힘'[청계광장/유지훈]","특정 소재나 핵심광물의 공급 차질만으로도 반도체와 자동차, 배터리, 방산 등 여러 산업이 동시에 영향을 받을 수 있다. 세계 주요국이 공급망과 첨단산업을 국가안보 차원에서 바라보는 이유도 여기에 있다. 이제 중요한...",https://www.mt.co.kr/opinion/2026/09/30/2026092909265161998,pos
2026-09-30 00:32,동아일보,포스코홀딩스,"과기부, 서울대에 ‘AI반도체 혁신연구소’ 열어","정부는 대학당 최장 6년간 연 30억 원을 지원한다. 삼성전자와 한화에어로스페이스, 포스코홀딩스, 두산로보틱스 등 26개 기업이 대학과 함께 실제 산업 현장의 문제를 AI로 해결하는 연구에 참여한다.",https://www.donga.com/news/Economy/article/all/20260929/134755310/2,pos
2026-09-30 00:16,국민일보,전력수급기본계획,"정부, 기존 전력망에 재생에너지 더 싣는다","더 끌어 쓰는 만큼 출력 제어 부담과 ESS 확충 비용 증가 등은 과제다. 기후부 관계자는 “ESS 설치비용은 용도별로 정부가 일부 지원하고, 총용량은 12차 전력수급기본계획(전기본)에서 확정할 계획”이라고 말했다.",https://www.kmib.co.kr/article/view.asp?arcid=9000018387&cp=nv,pos
2026-09-29 23:36,impacton,핵심광물,"【ESG 신간】미국-이란 전쟁, 경제가 무기가 된 세계, 소희의 세계","지정학적 갈등과 경제 제재, 핵심광물 확보 경쟁이 커지면서 기업도 생산비와 효율성뿐 아니라 어느 국가에서 생산하고, 원료를 어디에서 조달하며, 주요국의 산업정책과 제재가 어떻게 변하는지를 함께 고려해야...",https://www.impacton.net/news/articleView.html?idxno=30071,neg
2026-09-29 23:32,세계일보,포스코홀딩스,"포항시, 경북도 창업도시 조성 공동 협력… 전주기 창업 지원체계 구축","포항시 제공 추진단은 경북도와 포항·구미·경산, 경북지방중소벤처기업청, 경북창조경제혁신센터 등 창업 지원기관과 포스텍·한동대학교·영남대학교 등 대학·연구기관, 포스코홀딩스·에코프로 등 앵커기업, 투자자 등...",https://www.segye.com/newsView/20260929519790?OutUrl=naver,pos
2026-09-29 22:52,laborplus,핵심광물,9월 5주 주요 제조업 전망,"확대해 핵심광물 경쟁력을 강화하겠다는 계획을 밝힘 - 최윤범 회장은 ""지난 20년간 고려아연 온산제련소가 생산하는 금속과 소재, 부산물은 12종에서 현재 20여 종으로 늘었다""며 ""많은 제련 기업이 외면한...",https://www.laborplus.co.kr/news/articleView.html?idxno=41564,pos
2026-09-29 22:32,비즈월드뉴스,전력수급기본계획,"석탄 60기 퇴장…해상풍력 0.4GW→45GW, 공급망 '큰 장' 될까",29일 업계권에 따르면 지난 18일 열린 제12차 전력수급기본계획 제7차 공개토론회에서는 현재 가동 중인 석탄발전기 60기를 2040년까지 모두 폐지하는 방안이 공개됐다. 2040년 이전 설계수명이 끝나는 39기는...,http://www.bizwnews.com/news/articleView.html?idxno=147604,pos
2026-09-29 21:58,hinews,전력수급기본계획,"환경·시민사회단체, 정부 원전 공론화 계획 반발…“메가프로젝트 전력...","향후 약 3개월 동안 시민참여단 숙의토론과 전문가 공개토론회, 온라인 의견수렴 등을 진행하고 그 결과를 제12차 전력수급기본계획에 반영한다는 내용이다. 정부는 이번 공론화가 신규 원전 건설 자체에 대한 찬반을 묻는...",https://www.hinews.co.kr/view.php?ud=20260929215445317cd8b879b3c_48,neg
2026-09-29 21:40,뉴스1,핵심광물,"'텅스텐이 바꾸는 영월경제'…알몬티, 상동광산서 수출 기반 확보",폐광지역인 영월군이 핵심광물 산업을 기반으로 지역경제의 새로운 도약에 나설 수 있을지 주목된다. 29일 알몬티대한중석에 따르면 한국광해광업공단은 최근 상동광산 선광장과 파쇄시설에 대한 현장 검사에 나섰다....,https://www.news1.kr/local/kangwon/6305227,pos
2026-09-29 21:12,kwangju,전력수급기본계획,호남 전력망 빗장 풀렸지만 ‘반도체 24시간 전기’ 확보 과제,정부가 검토 중인 ESS의 최종 규모와 송전망 보강 내용도 제12차 전력수급기본계획 등에서 확정돼야 한다. 이번 대책으로 호남에 쌓여 있던 재생에너지의 계통 진입 병목을 풀 수 있을지가 첫 시험대에 오른다. 해상풍력...,http://www.kwangju.co.kr/article.php?aid=1790683800803826277,pos
2026-09-29 20:40,대경일보,포스코홀딩스,"포항시, 경북도 창업도시 조성 공동 협력","추진단은 경북도와 포항·구미·경산, 경북지방중소벤처기업청, 경북창조경제혁신센터 등 창업 지원기관과 포스텍·한동대학교·영남대학교 등 대학·연구기관, 포스코홀딩스·에코프로 등 앵커기업, 투자자 등 50여 개...",https://www.dkilbo.com/news/articleView.html?idxno=555741,pos
2026-09-29 20:20,getnews,포스코홀딩스,"포항시·경북도, 창업도시 조성 공동전선 구축","추진단에는 경상북도와 포항·구미·경산, 경북지방중소벤처기업청, 경북창조경제혁신센터 등 창업 지원기관을 비롯해 포스텍·한동대학교·영남대학교 등 대학·연구기관, 포스코홀딩스·에코프로 등 앵커기업과...",https://www.getnews.co.kr/news/articleView.html?idxno=882130,pos
2026-09-29 20:06,dongponews,핵심광물,수출 1조달러 시대 올해 달성…반도체 넘어 '수출체질' 바꾼다,"관세와 기술패권 경쟁, 핵심광물 확보 경쟁이 심화하는 만큼 소부장과 핵심광물, 첨단전략산업을 아우르는 공급망 관리 체계를 강화해야 한다는 것이다. 강경성 코트라 사장은 ""수출 1조달러 달성은 대한민국 수출...",https://www.dongponews.net/news/articleView.html?idxno=60820,pos
2026-09-29 19:20,newsquest,핵심광물,"""현대글로비스, 비계열·중장비 '더블 호재'에 올해 영업이익 2.2조 안착...","High&Heavy(건설기계 중장비) 물동량도 증가하고 있으며, 글로벌 인프라 투자 회복과 핵심광물 개발 확대에 따라 건설기계 수출이 성장 중이다. H&H는 대당 적재공간 점유율이 높아 승용차에 비해 운임단가가 30...",https://www.newsquest.co.kr/news/articleView.html?idxno=301725,pos
2026-09-29 19:12,hidomin,포스코,"포스코, 수소환원제철에 민간 원전 활용하나",포스코가 수소환원제철에 필요한 전력을 민간 원전에서 활용할 계획인 것으로 알려졌다. 29일 업계 등에 따르면 포스코그룹은 수소환원제철 상용화를 위한 전력·수소 공급망 구축 과정에서 원전을 주요 선택지 가운데...,https://www.hidomin.com/news/articleView.html?idxno=723051,pos
2026-09-29 19:04,에너지신문,전력수급기본계획,흔들리는 원전 경제성 '66개월'...건설 지연·사후비용 도마,"- 원전 경제성 분석 국회토론회'는 제12차 전력수급기본계획 수립 과정에서 AI 데이터센터와 반도체 산업의 수요를 어떻게 반영할지, 신규 원전의 비용을 어떤 전제로 계산할지가 쟁점이었다. 66개월과 125개월 사이 석광훈...",https://www.energy-news.co.kr/news/articleView.html?idxno=228625,neg
2026-09-29 18:42,세계일보,전력수급기본계획,송전망 신설 없이 재생E 수용량 늘린다,"구체적인 ESS 확충 규모는 12차 전력수급기본계획을 통해 확정할 예정이다. 송전망의 경우, 다른 송·변전 설비의 고장에 대비해 비워두던 예비 접속 용량을 평상시에도 활용할 수 있도록 바꾼다. 재생에너지 수용...",https://www.segye.com/newsView/20260929516025?OutUrl=naver,pos
2026-09-29 18:32,hellodd,포스코홀딩스,"""AI 고급인재 양성"" AI중심대학 18개교·AX대학원 15개교 출범","최장 6년간 연 30억원을 지원하며, 삼성전자, 한화에어로스페이스, 포스코홀딩스, 두산로보틱스, LIG D&A 등 국내 대표 산업군을 이끄는 26개 기업이 공동연구개발기관으로 참여한다. 기업과 대학은 공동으로...",http://www.hellodd.com/news/articleView.html?idxno=113332,pos
2026-09-29 18:28,snmnews,포스코,"포스코모빌리티솔루션, 관리감독자 간담회서 '64개' 현장 안전 실행과제...","포스코모빌리티솔루션이 현장 관리감독자 간담회를 통해 64개 안전 실행과제를 도출했다. 회사는 과제를 단기·중장기로 나눠 순차 추진하고, 이행 상황을 노동조합과 공유할 계획이다. 포스코모빌리티솔루션...",http://www.snmnews.com/news/articleView.html?idxno=575291,pos
2026-09-29 18:16,파이낸셜뉴스,삼척블루파워,같은 A+ 신용도인데… 채권시장선 등급 ‘제각각’,29일 채권평가사 민간평가 자료에 따르면 지난 28일 기준 삼척블루파워의 공식 신용등급은 A+지만 시장 내재등급(BIR)은 BBB0로 4노치 낮다. BIR은 유통시장에서 형성된 채권가격 등을 토대로 산출한 수익률을...,https://www.fnnews.com/news/202609291814244447,pos
2026-09-29 18:06,kbmaeil,포스코홀딩스,경북·포항 등 50여 기관 뭉쳤다…‘창업도시’ 공모 대응,"추진단에는 경북도와 포항·구미·경산, 경북지방중소벤처기업청, 경북창조경제혁신센터를 비롯해 포스텍·한동대학교·영남대학교 등 대학·연구기관과 포스코홀딩스·에코프로 등 기업, 투자자 등 50여 개 기관이...",https://www.kbmaeil.com/article/20260929500586,pos
2026-09-29 18:02,joongdo,포스코홀딩스,"건양대목원대 등 충청권4개 대학, AI중심대학 선정","올해 선정된 15개 대학에는 최장 6년간 연 30억원을 지원하며, 삼성전자, 한화에어로스페이스, 포스코홀딩스, 두산로보틱스, LIG D&A 등 국내 대표 산업군을 이끄는 26개 기업이 공동연구개발기관으로 참여한다....",https://www.joongdo.co.kr/web/view.php?key=20260929010008900,pos
2026-09-29 17:58,hellot,포스코,"[AEROTEC 2026] 포스코에어솔루션, AEROTEC 2026서 고순도 희귀가스 국산...",강화 포스코에어솔루션이 AEROTEC 2026에 참가해 우주항공과 반도체 산업의 핵심 소재인 고순도 희귀가스... 포스코에어솔루션은 우주항공과 반도체 등 첨단 미래 산업의 필수 소재인 고순도 희귀가스 제조·판매...,https://www.hellot.net/news/article.html?no=115131,pos
2026-09-29 17:56,대한민국 정책브리핑,포스코홀딩스,대학 교육 AI 중심으로 전환…AI중심대학 18곳·AX대학원 15곳 출범,"올해 선정된 15개 대학에는 삼성전자, 한화에어로스페이스, 포스코홀딩스 등 26개 기업이 참여해 공동 연구와 프로젝트 기반 교육 등을 추진한다. 류제명 과학기술정보통신부 제2차관이 29일 오후 서울 서대문구...",https://www.korea.kr/news/policyNewsView.do?newsId=148972767&call_from=naver_news,pos
2026-09-29 17:55,서울경제,전력수급기본계획,2030년 재생에너지 52GW 더 수용…“전력망 부하 조절이 관건”,정부 관계자는 “송전망으로 전기를 보내는 대형 발전소와 달리 태양광 발전소는 배전망에 연결돼 계통에 더 부담을 주는 문제가 있었다”며 “이 같은 점을 고려해 12차 전력수급기본계획에는 변전소와 전력망에...,https://www.sedaily.com/article/20096217?ref=naver,neg
2026-09-29 17:55,시사저널,포스코,철근 누락에 사망사고까지…현대·포스코·SK 국감 소환되나,"현대건설과 포스코이앤씨, SK에코플랜트 등 주요 건설사 최고경영자(CEO)의 증인 채택 여부에 관심이 쏠리고... 현대건설과 포스코이앤씨 등 주요 건설사 CEO가 증인 후보로 거론되는 가운데, SK에코플랜트 역시 증인 채택...",https://www.sisajournal.com/news/articleView.html?idxno=388668,neg
2026-09-29 17:54,일요신문,포스코,실적 개선에도 본업·주가·노사 ‘악재’…장인화 포스코 회장 연임 시...,장인화 포스코그룹 회장의 임기 만료가 6개월 앞으로 다가오면서 연임 여부에 재계의 관심이 집중된다. 장... 포스코그룹 회장의 임기는 3년으로 2024년 3월 취임한 장 회장의 공식 임기는 내년(2027년) 3월까지다....,https://ilyo.co.kr/?ac=article_view&entry_id=512929,pos
2026-09-29 17:50,jemin,핵심광물,[시론담론] 미·중 '전술적 휴전'이 남긴 경고,"미국은 첨단기술과 반도체 공급망의 우위를 지키려 하고, 중국은 핵심광물과 시장 규모, 제조 역량을 활용하며 기술 자립을 추진한다. 비민감 분야의 거래가 늘어도 안보 관련 기술·자원 통제는 별개다. 무역휴전이...",https://www.jemin.com/news/articleView.html?idxno=843573,pos
2026-09-29 17:38,wikileaks-kr,포스코,유찰된 목동청구한신 리모델링… 포스코 vs 삼성 눈치싸움은 '진행중',당초 업계에서는 리모델링 시장에서 수주 경험을 쌓아온 포스코이앤씨와 사업 확대를 추진하는 삼성물산의... 또한 제한입찰이라 3개사가 참여해야 하기 때문에 포스코이앤씨와 삼성물산만 참여 의사를 밝힌 상황에서...,http://www.wikileaks-kr.org/news/articleView.html?idxno=192588,pos
2026-09-29 17:38,코리아IT타임즈,포스코,"포스코이앤씨, 리모델링 누적 수주 14조원 돌파…실적 회복 속 정비사업...","포스코이앤씨 송도 사옥 전경. 포스코이앤씨는 주택 리모델링 누적 수주 14조원을 넘어서는 등 수도권 정비사업을 확대하고, AI·디지털 기반 스마트건설 기술을 현장에 적용하며 사업 경쟁력을 강화하고 있다. (사진...",https://www.koreaittimes.com/news/articleView.html?idxno=157628,pos
2026-09-29 17:36,조선일보,포스코,백남준의 시간을 다시 켠 포스코그룹… 예술로 세상에 가치를 더하다,포스코그룹이 백남준 작가 서거 20주년을 맞아 지난 6월 서울 포스코센터 로비의 미디어아트 <철이 철철>을 전면 복원해 대중에 공개했다. 1995년 설치 이후 30여년 만에 이뤄진 대규모 복원이다. 포스코그룹은 그동안...,https://biz.chosun.com/industry/industry_general/2026/09/29/G5YQVJNQ3ZBWJNUEITJUSSYJ34/?utm_source=naver&utm_medium=original&utm_campaign=biz,pos
2026-09-29 17:36,huffingtonpost,포스코,엄기천 포스코퓨처엠 LFP 후발주자 약점을 그룹 밸류체인으로 메운다 :...,엄기천 포스코퓨처엠 대표이사 사장이 포스코그룹의 원료 공급망을 활용해 리튬인산철(LFP) 양극재 시장에서 후발주자의 약점을 보완하려 하고 있다. 제철소 부산물과 그룹이 확보한 리튬을 원료로 쓰는 신공법을...,https://www.huffingtonpost.kr/article/260853,pos
2026-09-29 17:32,더벨,종합상사,"[더벨]GS엔텍 회사채 완판, 모회사 GS글로벌 보증 효과","이번 발행에 지급보증을 서는 GS글로벌은 GS그룹 계열 종합상사로 철강, 석유화학 등의 품목을 대상으로 한 무역을 주력으로 한다. 올해 상반기는 화공플랜트 제조 사업에서 손실이 발생하며 수익성이 다소...",https://www.thebell.co.kr/free/content/ArticleView.asp?key=202609291712117560103422,pos
2026-09-29 17:30,국제뉴스,포스코홀딩스,포항시 '경상북도 창업도시 추진단' 발대식 참석…창업도시 공모 유치 ...,"추진단은 경상북도, 포항, 구미, 경산 등 지자체와 경북지방중소벤처기업청, 경북창조경제혁신센터 등 창업 지원기관, 포스텍, 한동대학교, 영남대학교 등 대학·연구기관, 포스코홀딩스, 에코프로 등 앵커기업, 투자자 등...",https://www.gukjenews.com/news/articleView.html?idxno=3708384,pos
2026-09-29 17:25,한국일보,포스코홀딩스,대학 AI 교육 판 바꾼다…기업 참여 AX대학원·AI중심대학 출범,"연세대에는 삼성전자와 원익아이피에스, 창원대에는 한화에어로스페이스, 포항공대에는 포스코홀딩스와 뉴로메카가 이름을 올리는 등 총 26개 기업이 공동연구개발기관으로 참여한다. 학부 교육도 기존 소프트웨어...",https://www.hankookilbo.com/news/article/A2026092916060004010?did=NA,pos
2026-09-29 17:24,에너지경제,전력수급기본계획,전력망에 신규 재생에너지 우선접속…2030년까지 ESS 5GW 추가(종합),"이재식 기후부 전력망정책관은 이날 기자들에게 “전력망 혁신 대책을 이행하기 위해 전체 전력계통에서 확보할 ESS 총 용량은 12차 전력수급기본계획에서 최종 제시할 계획""이라며 “전력망 증설 없이 재생에너지...",https://www.ekn.kr/web/view.php?key=20260929020099961,pos
2026-09-29 17:24,ccdn,전력수급기본계획,"대전시, AI 첨단산업 전력수요 선제 대응","주요 안건은 대전의 전력수요 증가에 따른 전력설비 확충 협조와 신규 산업단지 전력수급기본계획 반영 등 5건이다. 문인환 민생경제국장은 ""앞으로도 관계기관과 긴밀히 협력해 산업단지 입지와 전력설비 구축을...",https://www.ccdn.co.kr/news/articleView.html?idxno=1102349,pos
2026-09-29 17:22,국제뉴스,포스코인터내셔널,한국·페루 비즈니스 친선협회 공식 출범…초대 회장에 조준혁 선출,"협회 창립에는 HD현대중공업, LIG D&A, 고려아연, 도화엔지니어링, 한국공항공사, 현대로템, LS MnM, 포스코인터내셔널 등 페루 관련 사업을 추진하는 주요 기업과 기관이 참여했다. 한국·페루 비즈니스 친선협회 창립총회에서...",https://www.gukjenews.com/news/articleView.html?idxno=3708478,pos
2026-09-29 17:20,AI타임스,포스코홀딩스,"과기정통부, 대학 교육 AI 중심 전환 본격화...AI중심대학 18개교·AX대학...","올해 선정된 15개 대학에는 최장 6년간 연 30억원을 지원하며, 삼성전자, 한화에어로스페이스, 포스코홀딩스, 두산로보틱스, LIG D&A 등 국내 대표 산업군을 이끄는 26개 기업이 공동연구개발기관으로 참여한다. 기업과...",https://www.aitimes.kr/news/articleView.html?idxno=42105,pos
2026-09-29 17:10,kookje,전력수급기본계획,"""원전 4기 가동 중단에…부산 1년치 넘는 전력 생산 못 해""","이어 “안전은 철저히 지키되, 신속한 심사와 함께 신청 시기 조정·동일 노형 병행심사 등으로 가동 공백을 줄여야 한다”며 “(현재 정부가 수립 중인) 제12차 전력수급기본계획에 원전·소형모듈원자로(SMR)를...",http://www.kookje.co.kr/news2011/asp/newsbody.asp?code=0200&key=20260929.99099009527,neg
2026-09-29 17:08,sisajournal-e,팜유,담합 논란에 가격 내리더니···밀가루·설탕값 급등에 식품값 다시 꿈...,"대두유와 팜유는 각각 37.2%, 10.8% 상승했다. 식품업체들은 원가 부담을 소비자가격에 반영하고 있다. 해태제과는 원자재 가격과 제조·물류비 부담 등을 이유로 다음달 1일부터 오예스와 홈런볼, 포키 등 25개 브랜드...",https://www.sisajournal-e.com/news/articleView.html?idxno=424010,neg
2026-09-29 17:00,tjb,포스코홀딩스,"건양대.고려대 세종캠퍼스.목원대. 순천향대, AI 중심대학 선정","AX대학원 15곳에는 삼성전자와 한화에어로스페이스, 포스코홀딩스, 두산로보틱스, LIG D&A 등 모두 26개 기업이 공동연구개발기관으로 참여합니다. 대학과 기업이 함께 'AX연구협력센터'를 세우고, 대학 교원과 기업...",https://www.tjb.co.kr/news05/bodo/view/id/104212,pos
2026-09-29 16:59,헤럴드경제,핵심광물,"1억달러→1조달러 눈앞…K-수출, 62년 만에 ‘1만배’ 도전",미국의 관세 조치와 유럽의 탄소국경조정제도(CBAM) 등 자국 중심의 통상정책이 확대되는 만큼 핵심광물과 소재·부품·장비 등 경제안보 품목의 공급망을 다변화해야 한다는 설명이다. 강경성 코트라 사장은 “수출...,https://biz.heraldcorp.com/article/10887976?ref=naver,pos
2026-09-29 16:58,shinailbo,포스코홀딩스,"대학 교육, AI 중심 대전환…AI 대학·AX 대학원 출범","올해 선정된 15개 대학에는 최장 6년간 연 30억원을 지원하며 삼성전자, 한화에어로스페이스, 포스코홀딩스, 두산로보틱스, LIG D&A 등 26개 기업이 공동연구개발기관으로 참여한다. 기업과 대학이 함께 설치한...",https://www.shinailbo.co.kr/news/articleView.html?idxno=5067045,pos
2026-09-29 16:58,데일리안,포스코홀딩스,"과기정통부, AI 중심대학 18곳·AX 대학원 15곳 출범","삼성전자, 한화에어로스페이스, 포스코홀딩스, 두산로보틱스, LIG D&A 등 26개 기업이 공동연구개발기관으로 이름을 올렸다. 대학과 기업은 ‘AX연구협력센터’를 세우고 대학 교원과 기업 겸임교원이 함께 지도하는...",https://www.dailian.co.kr/news/view/1695828/?sc=Naver,pos
2026-09-29 16:57,디지털데일리,포스코홀딩스,"“AI 학과 하나 만드는데 그쳐선 안돼”…韓 대학들, AI로 체질 개선한...","AX대학원에는 삼성전자, 한화에어로스페이스, 포스코홀딩스, 두산로보틱스 등 26개 기업이 공동연구개발기관으로 참여한다. 대학과 기업이 ‘AX연구협력센터’를 함께 설치하고, 대학 교원과 기업 겸임교원이 학생을...",https://www.ddaily.co.kr/page/view/2026092916172096428,pos
2026-09-29 16:48,시사저널,포스코인터내셔널,"[단독] 인천 발전소들, 최근 5년간 물어낸 질소산화물 초과부과금 70억 ...","LNG발전소는 서해구에 있는 한국남부발전 신인천빛드림본부와 한국서부발전 서인천발전본부, 한국중부발전 인천발전본부, 포스코인터내셔널 인천발전소 등이다. 석탄화력발전소는 옹진군에 있는 한국남동발전...",https://www.sisajournal.com/news/articleView.html?idxno=388660,pos
2026-09-29 16:48,뉴스핌,포스코인터내셔널,"광양시 환경협의회, 환경정책·산단 관리 역량 강화",광양시 지속가능한 환경협의회는 이날 정기회의에서 2027년 광양시 환경 분야 주요 업무 추진계획을 보고받고 포스코인터내셔널 LNG터미널 관련 설명을 들은 뒤 기타 안건을 논의했다고 밝혔다. 광양시 지속가능한...,https://www.newspim.com/news/view/20260929000988,pos
2026-09-29 16:43,한국일보,전력수급기본계획,기존 전력망 최대한 활용해 재생에너지 100GW 이상 수용한다,"이재식 기후부 전력망정책관은 ""이번 대책에 필요한 ESS는 2030년까지 5GW 이상""이라며 ""전체 계통에서 필요한 총량은 제12차 전력수급기본계획을 통해 확정할 계획""이라고 말했다. 망을 나눠 쓰는 방식도 바꾼다....",https://www.hankookilbo.com/news/article/A2026092915340003202?did=NA,pos
2026-09-29 16:43,동아일보,포스코홀딩스,서울대에 ‘AI반도체 혁신연구소’…기업과 차세대 반도체 인재 키운다,"정부는 대학당 최장 6년간 연 30억 원을 지원한다. 삼성전자와 한화에어로스페이스, 포스코홀딩스, 두산로보틱스 등 26개 기업이 대학과 함께 실제 산업 현장의 문제를 AI로 해결하는 연구에 참여한다.",https://www.donga.com/news/Economy/article/all/20260929/134752750/1,pos
2026-09-29 16:43,동아일보,포스코홀딩스,서울대에 ‘AI반도체 혁신연구소’ 설치…기업과 공동연구,"정부는 대학당 최장 6년간 연 30억 원을 지원한다. 삼성전자와 한화에어로스페이스, 포스코홀딩스, 두산로보틱스 등 26개 기업이 대학과 함께 실제 산업 현장의 문제를 AI로 해결하는 연구에 참여한다.",https://www.donga.com/news/Economy/article/all/20260929/134752750/1,pos
2026-09-29 16:40,핀포인트뉴스,전력수급기본계획,"정혜경 의원 ""AI 전력수요 부풀려 원전 공론화 근거 삼아선 안돼""",정혜경 진보당 의원은 기후에너지환경부가 제12차 전력수급기본계획의 전력수요 재전망 과정에서 활용한 데이터센터 PUE 수치의 산정 근거를 확인한 결과 이 같은 문제가 드러났다고 29일 밝혔다. PUE는 데이터센터...,https://www.pinpointnews.co.kr/news/articleView.html?idxno=491138,neg
2026-09-29 16:38,브릿지경제,포스코홀딩스,대학 교육 AI 중심으로… AI중심대학·AX대학원 출범,"AX대학원은 올해 15개 대학이 선정돼 최장 6년간 연 30억원을 지원받으며 삼성전자, 한화에어로스페이스, 포스코홀딩스, 두산로보틱스 등 26개 기업이 공동 연구개발기관으로 참여한다. 기업과 대학은...",https://www.viva100.com/article/20260929501134,pos
2026-09-29 16:38,딜사이트TV,핵심광물,"고려아연 ""성장전략 매진…영풍·MBK 협력 제안""",글로벌 공급망 불확실성이 커지고 핵심광물을 둘러싼 국가 간 경쟁이 심화되는 가운데 고려아연은 '트로이카 드라이브'를 추진하며 미래 성장 기반을 확충해 왔다. 미국에서 추진중인 있는 프로젝트 크루서블(Project...,https://news.dealsitetv.com/articles/176444,pos
2026-09-29 16:30,ekoreanews,팜유,"한국 바이오디젤의 불편한 진실, RFS 개편해야",정제 팜유와 팜 부산물 등 팜 계열로 나타났다. 물량으로는 76만6000톤으로 RFS가 시행된 2015년보다 약 4배... 팜유와 폐식용유처럼 생산 과정에서 발생하는 온실가스 규모가 다른 원료도 같은 양을 혼합하면 동일하게...,https://www.ekoreanews.co.kr/news/articleView.html?idxno=88320,pos
2026-09-29 16:26,aitimes,포스코홀딩스,"과기부, AI중심대학 18개교·AX대학원 15개교 출범","올해 선정된 15개 대학에는 최장 6년간 연 30억원을 지원하며, 삼성전자, 한화에어로스페이스, 포스코홀딩스, 두산로보틱스, LIG D&A 등 국내 대표 산업군을 이끄는 26개 기업이 공동연구개발기관으로 참여한다....",https://www.aitimes.com/news/articleView.html?idxno=215766,pos
2026-09-29 16:26,hidomin,포스코홀딩스,"포항, 경북 '창업도시' 도약 힘 보탠다…추진단 출범","경북도와 포항·구미·경산, 경북지방중소벤처기업청, 경북창조경제혁신센터를 비롯해 포스텍·한동대·영남대 등 대학·연구기관, 포스코홀딩스·에코프로 등 앵커기업과 투자자 등 50여 개 산학연관 기관이 참여한다....",https://www.hidomin.com/news/articleView.html?idxno=722999,pos
2026-09-29 16:24,헤럴드경제,광양 LNG,"“AI로 본업 문제 해결, 성과로 연결”…R&D 기간 절반 단축 [헤럴드 기...","포스코는 포항·광양제철소 11개 ‘인텔리전트 팩토리’ 모델공장을 중심으로 AI와 로봇이 작업자와... 제철소는 외부 전력과 LNG 발전, 부생가스를 활용한 자체 발전 등 에너지 조달 방식이 다양하다. 연료 가격과 설비...",https://biz.heraldcorp.com/article/10887892?ref=naver,pos
2026-09-29 16:24,헤럴드경제,광양 LNG,"“AI로 본업 문제 해결, 성과로 연결”…32주 R&D 과정, 6주 단축 [헤럴...","포스코는 포항·광양제철소 11개 ‘인텔리전트 팩토리’ 모델공장을 중심으로 AI와 로봇이 작업자와... 제철소는 외부 전력과 LNG 발전, 부생가스를 활용한 자체 발전 등 에너지 조달 방식이 다양하다. 연료 가격과 설비...",https://biz.heraldcorp.com/article/10887892?ref=naver,pos
2026-09-29 16:22,매일일보,포스코홀딩스,"과기정통부, AI중심대학 18곳·AX대학원 15곳 출범","삼성전자와 한화에어로스페이스, 포스코홀딩스, 두산로보틱스, LIG 디펜스앤에어로스페이스 등 26개 기업이 공동연구개발기관으로 참여한다. 대학과 기업은 'AX연구협력센터'를 설치하고 특화 연구와 프로젝트 기반...",https://www.m-i.kr/news/articleView.html?idxno=2000613,pos
2026-09-29 16:22,비즈니스포스트,포스코홀딩스,"과기정통부 AI 인재양성 체계 확대, AI중심대학 18곳·AX대학원 15곳 가동","삼성전자와 한화에어로스페이스, 포스코홀딩스, 두산로보틱스, 포스코DX, 한화시스템, LIG D&A 등 26개 기업도 공동연구개발기관으로 참여한다. 연세대학교는 삼성전자·원익아이피에스와, 창원대학교는...",https://www.businesspost.co.kr/BP?command=article_view&num=448183,pos
2026-09-29 16:12,newstree,전력수급기본계획,재생에너지 전력망 '숨통'...망 수용량 52GW 늘린다,구체적인 ESS 보강 방안은 현재 수립중인 제12차 전력수급기본계획(전기본)에 담을 계획이다. 지금까지 9GW를 허수사업 점검을 통해 전력망 접속권을 회수한 것처럼 앞으로 허수사업뿐 아니라 장기 지연사업도...,https://www.newstree.kr/newsView/ntr202609290011,neg
2026-09-29 16:08,ikoreanspirit,포스코인터내셔널,한국·페루 비즈니스 친선협회 출범…양국 기업 협력의 새 창구 마련,"한·페 비즈니스 협회에는 HD현대중공업, LIG D&A, 고려아연, 도화엔지니어링, 한국공항공사, 현대로템, LS MnM, 포스코인터내셔널 등 페루 관련 사업을 추진하는 기업과 기관이 참여했다. 문화 분야에서는 한문화진흥협회...",http://www.ikoreanspirit.com/news/articleView.html?idxno=87482,pos
2026-09-29 16:00,에너지데일리,전력수급기본계획,"""AI 시대 원자력 정책, 발전소 넘어 연료·규제·공급망 함께 봐야""","관련 논의가 제12차 전력수급기본계획과 제7차 원자력진흥종합계획, SMR 특별법 하위 제도에 반영되면 AI 시대 전력공급과 원전 산업 경쟁력을 둘러싼 정책 방향도 보다 구체화될 것으로 기대된다.",https://www.energydaily.co.kr/news/articleView.html?idxno=203659,pos
2026-09-29 15:56,한겨레,전력수급기본계획,"원전, 가장 저렴한 전력공급원 맞나…“경제성 떨어져” 건설 신중론 제...","석광훈 에너지전환포럼 전문위원은 ‘국내 원전비용의 재평가’ 발제에서 “초기자본이 막대한 원전은 건설비, 건설공기, 할인율, 이용률이 발전원가를 계산하는 데 중요한 변수가 된다”며 “1차 전력수급기본계획...",https://www.hani.co.kr/arti/economy/economy_general/1279990.html,pos
2026-09-29 15:55,디지털타임스,포스코홀딩스,AI중심대학 18곳·AX대학원 15곳 출범…대학별 연 30억 지원,삼성전자·한화에어로스페이스·포스코홀딩스·두산로보틱스 등 26개 기업이 공동 연구개발 기관으로 참여한다. 대학과 기업은 ‘AX연구협력센터’를 공동 설치해 산업 현장과 연계한 연구를 수행한다. 대학 교원과...,https://www.dt.co.kr/article/12086453?ref=naver,pos
2026-09-29 15:50,e2news,전력수급기본계획,전력망 접속제 손질 송·배전망 재생e 수용력 78GW 확대,"이런 내용을 12차 전력수급기본계획에 반영해 내년부터 추진하기로 했다. 이밖에도 정부는 허수 및 지연사업자 전력망 접속권을 적극 회수하고, 계통 검토 시 불확실성이 높은 물량은 이행률을 고려해 호남권에서...",http://www.e2news.com/news/articleView.html?idxno=334657,pos
2026-09-29 15:44,getnews,팜유,이번엔 해태제과...제과업계 가격 인상 'ing',"CJ푸드빌은 당시 ""계란, 원맥, 원당, 팜유는 물론 나프타 등 포장재 비용까지 국제 원부자재 가격이 급등한... 관세청 수출입무역통계에서도 팜유 수입단가는 8월 톤당 1285달러로 1년 전보다 25.4% 올랐다. 반면 코코아...",https://www.getnews.co.kr/news/articleView.html?idxno=882078,pos
2026-09-29 15:40,딜라이트이슈,전력수급기본계획,송전선 안 늘리고도 재생에너지 100GW 수용…유연 접속·ESS 대거 도입,"구체적인 ESS 보강 계획은 제12차 전력수급기본계획(전기본)에 담길 예정이다. 소위 '전력망 알박기' 근절책도 마련됐다. 접속권을 확보하고도 사업을 진행하지 않는 허수 사업의 접속권을 회수하고, 지연 사업은 실제...",https://www.delighti.co.kr/news/articleView.html?idxno=122534,pos
2026-09-29 15:40,연합뉴스,POSCO INTERNATIONAL,KOSPI 200 Closing Price List-1,"10,000 POSCO INTERNATIONAL 54,400 DN 2,500 CJ CheilJedang 179,300 UP 200 TaekwangInd 904,000 UP 2,000 SBHC 45,300 UP 700 Taihan Cable & Solut ion29500 DN400 Hyundai M&F INS 50,000 UP 1,050...",https://en.yna.co.kr/view/AEN20260929007900320?input=2106m,pos
2026-09-29 15:38,비즈니스포스트,팜유,"기후솔루션 ""바이오연료 써도 온실가스 감축 효과 크게 없어, 평가 방식...",국내에서 사용되는 바이오연료(바이오디젤) 원료의 72%는 정제 팜유와 팜 부산물 등이다. 팜유는 생산 과정에서 열대림이나 탄소를 많이 저장하고 있는 이탄지를 개간해 농장으로 바꾸는 일이 자주 발생한다. 이 때문에...,https://www.businesspost.co.kr/BP?command=article_view&num=448167,neg
2026-09-29 15:38,비즈니스포스트,팜유,"기후솔루션 ""바이오연료 써도 차량의 온실가스 감축 효과 많지 않아, 평...",국내에서 사용되는 바이오연료(바이오디젤) 원료의 72%는 정제 팜유와 팜 부산물 등이다. 팜유는 생산 과정에서 열대림이나 탄소를 많이 저장하고 있는 이탄지를 개간해 농장으로 바꾸는 일이 자주 발생한다. 이 때문에...,https://www.businesspost.co.kr/BP?command=article_view&num=448167,neg
2026-09-29 15:34,sisafocus,전력수급기본계획,[현장] AI 전력수요 앞 다시 불붙은 '원전 경제성'…엇갈린 국회 해법,석 전문위원은 전력수급기본계획에서는 제8차부터 모든 전원에 사회적 할인율 4.5%를 적용하고 있지만 국제에너지기구(IEA)는 선진국 원전에 8%를 적용하고 있다며 건설기간 장기화와 자본조달 비용 등을 경제성 평가에...,http://www.sisafocus.co.kr/news/articleView.html?idxno=365565,pos
2026-09-29 15:22,asiatoday,포스코인터,"포스코인터, 3분기 영업익 3700억 기대…에너지·항공우주 '사업 확대'",아시아투데이 이서연 기자 = 포스코인터내셔널이 올해 3분기에도 영업이익 증가세를 이어갈 것으로 전망되는 가운데 에너지 투자와 신사업 확대에 속도를 내고 있다. 미국에서는 가스 생산자산과 액화천연가스(LNG)...,https://www.asiatoday.co.kr/kn/view.php?key=20260929010010234,pos
2026-09-29 15:10,ziksir,전력수급기본계획,'2030년 재생에너지 100GW' 위해 기존 전력망 더 연다,구체적인 ESS 보강 계획은 제12차 전력수급기본계획에 담을 예정이다. 장기간 사업을 진행하지 않으면서 접속권만 확보한 이른바 '전력망 알박기'도 정비한다. 사업이 지연될 경우 실제 전력망을 이용하는 시점에...,https://www.ziksir.com/news/articleView.html?idxno=147756,pos
2026-09-29 15:02,전자신문,포스코홀딩스,"[초지능 시대 인재양성] 15개 AX대학원, 도메인별 석·박사 융합 인재 기...","포스코홀딩스·뉴로메카 등과 제조·로봇 현장 실증을 진행한다. 한양대는 AI 기반 통합에너지시스템·섹터커플링 특화 인재를 지향한다. 에너지 생산·전환·활용을 연결하는 섹터커플링과 AI를 결합, GS건설...",https://www.etnews.com/20260929000126,pos
2026-09-29 15:02,전자신문,포스코홀딩스,AI중심대학·AX대학원 출범…초지능 시대 맞춤형 교육 시동,"공동 연구개발기관으로 참여하는 삼성전자, 한화에어로스페이스, 포스코홀딩스, 두산로보틱스, LIG D&A 등 26개 기업과 함께 산업별 맞춤형 AX 인재를 길러낼 계획이다. AI·AX 특화 대학 선발로 비수도권 대학 AI 교육...",https://www.etnews.com/20260929000182,pos
2026-09-29 15:02,이데일리,포스코홀딩스,"""코딩 교육 대신 AI 활용 능력""…대학 체질 바꾸는 과기정통부","삼성전자, 한화에어로스페이스, 포스코홀딩스, 두산로보틱스, LIG넥스원 등 각 산업군을 대표하는 26개 기업이 공동연구개발기관으로 참여한다. 대학과 기업은 공동으로 ‘AX연구협력센터’를 설치하고 복수...",https://www.edaily.co.kr/News/Read?newsId=04155766645585040&mediaCodeNo=257&utm_source=naver&utm_medium=referral&utm_campaign=news_syndication&utm_content=original_article,pos
2026-09-29 15:01,디지털데일리,포스코홀딩스,"韓 AI인재, 대학 교육 역량에서 나온다…정부, AI중심대학 출범","삼성전자와 한화에어로스페이스, 포스코홀딩스, 두산로보틱스, 한화시스템, 한국전력공사 등 26개 기업이 공동연구개발기관으로 참여한다. 대학과 기업은 공동으로 ‘AX연구협력센터’를 설치해 산업별 특화 연구를...",https://www.ddaily.co.kr/page/view/2026092911092294188,pos
2026-09-29 15:00,뉴스1,포스코홀딩스,"AI 인재 잡아라…정부, AI중심대학·AX대학원 출범","삼성전자, 한화에어로스페이스, 포스코홀딩스, 두산로보틱스, LIG D&A 등 26개 기업이 공동연구개발기관으로 참여한다. 기업과 대학은 공동으로 'AX연구협력센터'를 설치해 AX 특화연구를 추진하고, 대학 교원과 기업...",https://www.news1.kr/it-science/internet-platform/6304685,pos
2026-09-29 15:00,ZDNet코리아,포스코홀딩스,"""대학 AI교육 혁신""...'AI중심대학·AX대학원' 공동 출범식","포항공대(포스코홀딩스, 뉴로메카), 한국에너지공과대(한국전력공사, 티디엘), 한림대(바디텍메드, 코어시큐리티), 한양대(GS건설, 누리플렉스), 한양대 에리카(두산로보틱스, 마음에이아이) 등이다. 이날 행사에는...",https://zdnet.co.kr/view/?no=20260929141521,pos
2026-09-29 15:00,연합뉴스,포스코홀딩스,[AI프리즘] 코딩 넘어 AI 설계로…AI중심대학·AX대학원 출범,"삼성전자, 한화에어로스페이스, 포스코홀딩스, 두산로보틱스, LIG D&A 등 국내 대표 산업군을 이끄는 26개 기업이 공동연구개발기관으로 참여한다. 기업과 대학은 공동으로 'AX연구협력센터'를 설치해 AX 특화연구를...",https://www.yna.co.kr/view/AKR20260929099500017?input=1195m,pos
2026-09-29 15:00,머니투데이,포스코홀딩스,'매년 30억 지원' AI중심대학 18곳·AX대학원 15곳 문 연다,△삼성전자 △한화에어로스페이스 △포스코홀딩스 △두산로보틱스 △LIG D&A 등 26개 기업이 공동연구개발기관으로 참여한다. 기업과 대학은 공동으로 'AX연구협력센터'를 설치해 AX 특화연구를 추진하고 대학...,https://www.mt.co.kr/tech/2026/09/29/2026092910131749820,pos
2026-09-29 15:00,더팩트,포스코홀딩스,"과기정통부, AI중심대학 18개교·AX대학원 15개교 출범…인재 양성 본격...","올해 선정된 15개 대학에는 최장 6년간 연 30억원을 지원하며, 삼성전자, 한화에어로스페이스, 포스코홀딩스, 두산로보틱스, LIG D&A 등 국내 대표 산업군을 이끄는 26개 기업이 공동연구개발기관으로 참여한다. 기업과...",https://news.tf.co.kr/read/economy/2370741.htm,pos
2026-09-29 15:00,뉴시스,포스코홀딩스,전교생 AI 기초교육 의무화…AI중심대학 18곳·AX대학원 15곳 출범,"삼성전자와 한화에어로스페이스, 포스코홀딩스, 두산로보틱스, LIG D&A 등 국내 주요 산업 분야 26개 기업도 공동연구개발기관으로 참여한다. 대학과 기업은 함께 'AX연구협력센터'를 만들어 산업별 AX 특화 연구를...",https://www.newsis.com/view/NISX20260929_0003807130,pos
2026-09-29 14:50,KOTRA 해외시장뉴스,핵심광물,호주의 통상협정 체결 현황,"특히 그동안 최대 5.5%의 관세가 부과되던 핵심광물과 수소 및 수소 운반체, 최대 5.3%가 부과되던 수산화리튬 등에 대한 관세가 발효 즉시 철폐된다. 이는 2024년 5월 체결된 '호주-EU 지속가능...",http://dream.kotra.or.kr/kotranews/cms/news/actionKotraBoardDetail.do?SITE_NO=3&MENU_ID=90&CONTENTS_NO=1&bbsGbn=244&bbsSn=244&pNttSn=244091,pos
2026-09-29 14:43,한국경제TV,포스코인터내셔널,알래스카 LNG 뜯어보니…일감은 이미 미국·유럽에? [팩트체크],"포스코인터내셔널 3,500만달러, 그리스 해운사 다나오스 5,000만달러 수준입니다. 미국 베이커휴즈도 투자자로 참여했지만 금액은 공개되지 않았고요. 1단계 가스관만 해도 글렌파른 측은 132억~169억달러가 들 것으로...",https://www.wowtv.co.kr/NewsCenter/News/Read?articleId=A202609290092&t=NNv,pos
2026-09-29 14:37,이데일리,핵심광물,"제이스코홀딩스, 필리핀 니켈 광산 생산·수출 인허가 확보",국내 민간기업의 직접 투자를 통해 개발한 해외 광산을 기반으로 핵심광물 공급 사업을 확대한다는 구상이다. 제이스코홀딩스 관계자는 “그동안 필리핀 현장에서 길을 만들고 생산과 수출에 필요한 기반을 하나씩...,https://www.edaily.co.kr/News/Read?newsId=04027846645585040&mediaCodeNo=257&utm_source=naver&utm_medium=referral&utm_campaign=news_syndication&utm_content=original_article,pos
2026-09-29 14:32,뉴스드림,포스코인터내셔널,"[드림Talk] 포스코홀딩스 4년②- 배당 4.3조, 투자 3.5조, 빚 16조","지난 8월 포스코인터내셔널, 포스코DX 지분 일부를 처분해 2조5000억 원 규모 투자 재원을 확보하기로 한 게 대표적인 예죠. 저수익·비핵심 사업도 계속 정리 중인데요. 2024년부터 올해 상반기까지 포스코홀딩스가...",http://www.newsdream.kr/news/articleView.html?idxno=119042,pos
2026-09-29 14:26,문화일보,핵심광물,"고려아연, 영풍·MBK에 “미래 위해 함께 가자”…최윤범 회장 ‘5년 청...",고려아연은 특히 글로벌 핵심광물 공급망이 급격히 재편되는 지금이 경영권 다툼보다 미래 성장전략에 역량을 집중해야 할 시점이라고 강조했다. 최윤범 회장도 최근 주주들에게 보낸 11번째 서한에서 현재 20여 종인...,https://www.munhwa.com/article/11620221?ref=naver,pos
2026-09-29 14:10,파이낸셜뉴스,삼척블루파워,"""A등급인데 시장은 BBB 가격""…삼척블루파워·롯데건설, 신용등급 '괴리...",29일 채권평가사 민간평가 자료에 따르면 지난 28일 기준 삼척블루파워의 공식 신용등급은 A+지만 시장 내재등급(BIR)은 BBB0로 4노치 낮다. BIR은 유통시장에서 형성된 채권가격 등을 토대로 산출한 수익률을...,https://www.fnnews.com/news/202609291000235371,pos
2026-09-29 13:28,월요신문,팜유,(작성중),'우지로 튀긴' 라면이라고 광고하지만 실제는 우지와 팜유를 자체 비율(삼양식품은 이를 '골든 블랜드 오일'이라 부른다)로 섞어 튀겨냈다. 면의 냄새를 맡아보면 일반 팜유 튀긴면과 다른 향이 난다. 특이한 것은 물을...,https://www.wolyo.co.kr/news/articleView.html?idxno=318424,pos
2026-09-29 13:20,busan,핵심광물,"고려아연, 한화신한테라와트아워와 친환경에너지 20년 장기계약",한편 최윤범 고려아연 회장은 최근 주주들에게 보낸 11번째 서한에서 향후 5년간 제품 포트폴리오를 30여 종으로 확대해 핵심광물 경쟁력을 강화하겠다는 계획을 밝혔다.,https://www.busan.com/view/busan/view.php?code=2026092913082260701,pos
2026-09-29 13:16,asiatime,핵심광물,"고려아연 경영권 분쟁 2년, 기업가치 다시 시험대…주가는 100만원대 위...",특히 고려아연은 경영권 분쟁에 매몰되기보다 국가기간산업이자 글로벌 핵심광물 공급망의 주요 기업으로서 미래 경쟁력을 확보하는 데 집중해야 한다고 강조했다. 기존 제련사업의 경쟁력을 기반으로 이차전지...,https://www.asiatime.co.kr/article/20260929500236,pos
2026-09-29 11:52,파이낸셜포스트,팜유,"식탁 물가 재상승, 공급망 압박 속 소비·유통 구조 흔들린다","특히 밀 가격은 전년 동기 대비 41%가 상승하고, 설탕·대두유·팜유 등 주요 원재료 가격도 동반 상승하면서 제과·제빵·가공식품 업체들은 내달부터 추가 가격 인상을 예고하기도 했다. 어두운 국제 정세 속에 글로벌...",https://www.financialpost.co.kr/news/articleView.html?idxno=277780,pos
2026-09-29 11:48,biztribune,포스코인터내셔널,"KAI, 멕시코 항공우주 공급망 합류… FA-50 중남미 진출 속도","지난 25일 김정관 산업통산부 장관, 김종출 KAI 대표이사, 루이스 리스카노 FEMIA CEO, 이계인 포스코인터내셔널 대표이사, 멕시코 경제부 마르셀로 에브라르드 멕시코 경제부 장관(왼쪽부터)이 기념촬영을 하고 있다.│KAI...",http://www.biztribune.co.kr/news/articleView.html?idxno=359701,pos
2026-09-29 11:26,weeklytrade,핵심광물,"수출, 연간실적 1조 달러 향해 순항… 다변화·신성장산업 등 힘입어",우리 경제안보의 핵심은 제조업으로 경제안보-제조업-공급망-소부장-핵심광물로 이어지는 체계를 촘촘히 해나가야 할 때다.강경성 코트라 사장은 “수출 1조 달러 달성은 대한민국 수출 역사의 새로운 시작이며 양적...,https://weeklytrade.co.kr/news/view.html?section=1&category=3&item=&no=101562,pos
2026-09-29 11:26,newsmap,핵심광물,"중국차·운임·중장비 호재 '3중주'…현대글로비스, 현대차 넘어 성장판...","미국의 반도체 공장과 인공지능(AI) 데이터센터 건설, 중남미의 핵심광물 개발이 확대되면서 대형 건설기계의 해상운송 수요가 늘어날 것으로 전망된다. H&H 화물 한 대의 평균 적재 용적은 약 70㎥다. 소형 승용차 한...",https://www.newsmap.co.kr/news/articleView.html?idxno=3603,pos
2026-09-29 11:16,knpnews,핵심광물,"고려아연 ""MBK·영풍도 주요 주주…전체 주주 이익 위해 미래 성장에 힘...","지난 9월 임시주주총회에서 확인된 주주들의 뜻을 경영에 반영하고 지배구조 개선을 이어가면서, 핵심광물 공급망 구축과 미래 사업의 실행에도 역량을 모아야 한다는 입장이다. 고려아연은 28일 입장문을 내고...",http://www.knpnews.com/news/articleView.html?idxno=34585,pos
2026-09-29 11:10,헤럴드경제,팜유,밀·설탕값 ‘고공행진’…빵·과자 또 오르나,"튀김, 제빵 등에 사용되는 대두유는 37.2% 뛰었고, 팜유도 10.8% 상승했다. 옥수수 선물 가격도 전년 동월 대비 26.4% 올랐다. 식품업계는 원재료 상승세를 반영해 가격 인상을 진행하고 있다. 해태제과는 다음 달 1일부터...",https://biz.heraldcorp.com/article/10887356?ref=naver,pos
2026-09-29 10:50,시사경제,포스코인터,"KAI, 멕시코 현지생산·공급망 협력 추진…FEMIA·포스코인터와 MOU","플랜 멕시코 맞춰 현지기업 공급망 참여·기술협력 모색 FA-50도 F-5 대체 후보로 거론…멕시코 정부 기종 선정은 아직 ▲왼쪽부터 산업통산부 김정관 장관, KAI 김종출 대표이사, FEMIA 루이스 리스카노 CEO, 포스코인터내...",https://sateconomy.co.kr/news/view/1065575767796145,pos
2026-09-29 10:48,mstoday,팜유,밀·설탕값 급등에 과자값까지…10월 식품물가 비상,"팜유와 대두유 가격이 강세를 보이면서 국내 식품업체의 원가 부담을 높이고 있다. 다만 국제 원재료 가격 상승이 국내 제품 가격에 반영되기까지는 시차가 발생한다. 기업별 원재료 구매계약과 재고 수준, 환율 등에...",https://www.mstoday.co.kr/news/articleView.html?idxno=102717,pos
2026-09-29 10:45,뉴스핌,핵심광물,"제이스코홀딩스, 필리핀 니켈 광산 인허가 확보","회사는 이를 기반으로 글로벌 핵심광물 시장에서 니켈 원광 공급자로서 입지를 넓혀갈 계획이다. 회사 관계자는 ""첫 수출은 현장에서 쌓아온 사업 기반의 가치를 실제 거래와 실적으로 증명하는 출발점이 될 것""이라며...",https://www.newspim.com/news/view/20260929000389,pos
2026-09-29 10:38,투데이에너지,팜유,"바이오연료, 섞는다고 온실가스 줄어드나","국내 바이오디젤 원료의 상당 부분(2024년 기준 약 72%)이 정제 팜유 및 팜 부산물 등 팜계열에 의존하고 있다. 팜유는 주로 인도네시아·말레이시아산으로, 생산 과정에서 열대림이나 이탄지 같은 탄소저장지의 전환이...",https://www.todayenergy.kr/news/articleView.html?idxno=303568,pos
2026-09-29 10:36,newstree,팜유,경유에 바이오연료 섞으면 온실가스 줄어드나?,"정제 팜유와 팜 부산물 등 팜 계열이었다. 물량으로는 76만6000톤으로, 바이오연료 혼합의무화제도(RFS) 시행 원년인 2015년보다 약 4배 늘었다. 전체 원료에서 수입산이 차지하는 비중도 77%에 달했다. 팜유는 열대림이나...",https://www.newstree.kr/newsView/ntr202609290005,pos
2026-09-29 10:36,newstree,팜유,경유와 바이오연료 섞으면 온실가스 줄어들까?,"정제 팜유와 팜 부산물 등 팜 계열이었다. 물량으로는 76만6000톤으로, 바이오연료 혼합의무화제도(RFS) 시행 원년인 2015년보다 약 4배 늘었다. 전체 원료에서 수입산이 차지하는 비중도 77%에 달했다. 팜유는 열대림이나...",https://www.newstree.kr/newsView/ntr202609290005,pos
2026-09-29 10:32,weeklytoday,핵심광물,[산업계 동향] LG전자ㆍ삼성SDIㆍ고려아연 (9.29),"■ 고려아연 ""기업가치·미래 성장에 집중""···핵심광물 공급망 역할 강화 - 임시주총 이후 지배구조 고도화 지속···장기 주주가치 제고 강조 - 트로이카 드라이브·美 프로젝트 크루서블 등 성장전략 추진...",http://www.weeklytoday.com/news/articleView.html?idxno=796152,pos
2026-09-29 10:31,전자신문,핵심광물,"중국, 2030년 전고체 배터리 '초기 대규모 적용'…국가 차원 첫 배터리 ...",중국 내 리튬·코발트 등 핵심광물 개발과 배터리 기업 간 인수합병을 지원하고 폐배터리 회수 및 재활용 체계를 확대한다. 전기차용 배터리에는 디지털 신원관리 체계를 구축하고 배터리 패스포트와 탄소발자국 데이터...,https://www.etnews.com/20260929000113,pos
2026-09-29 10:20,newspenguin,팜유,"""탄소 줄인다던 바이오연료, 오히려 배출 증가 우려""",바이오디젤은 폐식용유·동물성 유지·팜유 같은 동식물성 기름을 가공해 만든다. 기후솔루션은 정부의... 2024년 국내 바이오디젤 원료의 72%는 정제 팜유와 팜 부산물 등 팜 계열이었다. 물량은 76만 6000톤으로 RFS 시행...,https://www.newspenguin.com/news/articleView.html?idxno=22239,pos
2026-09-29 09:38,글로벌이코노믹,핵심광물,"대신증권 ""현대글로비스, 2027년까지 중장기 운임 개선세 확대""",또한 “건설기계 중장비 수요 증가 역시 PCTC 물동량을 견인할 것”이라며 “글로벌 인프라 투자 회복과 핵심광물 개발 확대에 힘입어 건설기계 수출 성장 중”이라고 덧붙였다. H&H는 대당 적재공간 점유율이 크기...,https://www.g-enews.com/view.php?ud=20260929091933709244093b5d4e_1,pos
2026-09-29 09:32,thepowernews,핵심광물,"600억→2050억달러…美 DFC, 개발금융 넘어 ‘경제안보’ 전면으로","International Development Finance Corporation, DFC)가 개발도상국 지원기관을 넘어 공급망과 핵심광물, 에너지 등 경제안보 분야의 전략금융기관으로 역할을 넓히고 있다. 지원한도를 기존 600억달러에서 2050억달러로 3배 넘게...",https://www.thepowernews.co.kr/view.php?ud=202609281705367411de3f0aa1be_7,pos
2026-09-29 09:28,더구루,포스코인터,"포스코인터 세넥스, 호주 가스 공급 의무화에 '반기'…""은밀한 국유화이...","장기 투자 위축·소급적 규제 철폐 촉구 포스코인터내셔널의 자회사인 호주 천연가스 기업 세넥스 에너지(SENEX ENERGY, 이하 세넥스)가 앤서니 알바니지 총리가 이끄는 호주 노동당 정부의 호주 내 가스 공급 의무화...",https://www.theguru.co.kr/news/article.html?no=107628,pos
2026-09-29 09:28,newskr,팜유,밀 41%·설탕 14% 뛰었다... 과자·빵값 또 오르나,"대두유와 팜유 가격은 각각 37.2%, 10.8% 올랐고 옥수수 선물 가격도 26.4% 상승했다. 밀 가격 상승에는 흑해 지역의 곡물 운송 차질과 유럽의 이상기후에 따른 생산 전망 악화 등이 영향을 미친 것으로 분석된다. 국제...",http://www.newskr.kr/news/articleView.html?idxno=106734,pos
2026-09-29 08:59,seoultimes,포스코인터,[비즈 인사이트] 포스코 5개사 상반기 실적 갈렸다…홀딩스 순익 205% 증...,POSCO홀딩스 순익 4280억→1조3047억원…204.8% 증가 포스코인터 매출 10.6%·영업익 34.7%↑…순익 5245억원 퓨처엠 영업익 147.5% 증가…DX 매출·영업익·순익 모두 감소 [서울타임즈뉴스 = 최남주 기자]...,https://www.seoultimes.news/news/article.html?no=2000100097,pos
2026-09-29 08:46,매일경제,핵심광물,"“현대글로비스, 중장비 수출 수요 회복 예상”…목표가 32만원 제시",글로벌 인프라 투자 회복과 핵심광물 개발 확대에 힘입어 건설기계 수출이 성장중이어서다. 건설기계 중장비는 대당 적재공간 점유율이 크다 보니 승용차 대비 운임단가가 30% 높아 전체적인 매출과 마진의 상방을...,https://www.mk.co.kr/article/12163360,pos
2026-09-29 08:20,메디컬투데이,핵심광물,"영풍·MBK ""최윤범 퇴진""…고려아연 ""미래 성장 집중""","고려아연은 이차전지 소재·자원순환·신재생에너지 분야의 '트로이카 드라이브'와 미국 핵심광물 사업인 '프로젝트 크루서블'을 지속 추진하겠다고 밝혔다. 영풍·MBK를 향해서도 ""주요 주주로서 고려아연의 지속가능한...",https://www.mdtoday.co.kr/news/articleView.html?idxno=616569,pos
2026-09-29 08:00,enewstoday,포스코인터내셔널,대미투자 3호 '알래스카 LNG'···포스코 기대감에 K강관도 웃을까,포스코인터내셔널은 지난해 9월 글렌파른과 예비계약을 체결한 데 이어 같은 해 12월 전략적 파트너십과 LNG 구매 기본합의서(HOA)를 맺었다. 연간 100만t의 LNG를 20년간 구매하고 포스코가 가스관 건설용 강재를 공급하는...,http://www.enewstoday.co.kr/news/articleView.html?idxno=2474869,pos
2026-09-29 07:48,프라임경제,핵심광물,"현대글로비스, PCTC 운임 고공행진 속 中 물량 '폭증'…""내년까지 역대...","또한 ""글로벌 인프라 투자 회복과 핵심광물 개발 확대에 힘입어 건설기계 수출이 성장 중""이라며 ""H&H는 대당 적재공간 점유율이 크기 때문에 승용차 대비 운임단가가 30% 높아 전체적인 매출과 마진의 상방을...",http://www.newsprime.co.kr/news/article.html?no=749141,pos
2026-09-29 07:44,이데일리,핵심광물,"현대글로비스, 中 완성차·중장비 수요에 PCTC 수혜-대신",그는 “건설기계 중장비 수요 증가 역시 PCTC 물동량을 견인할 것”이라며 “글로벌 인프라 투자 회복과 핵심광물 개발 확대에 힘입어 건설기계 수출 성장 중”이라고 밝혔다. 이어 “H&H는 대당 적재공간 점유율이...,https://www.edaily.co.kr/News/Read?newsId=02601046645585040&mediaCodeNo=257&utm_source=naver&utm_medium=referral&utm_campaign=news_syndication&utm_content=original_article,pos
2026-09-29 07:14,글로벌이코노믹,핵심광물,"공장만 짓던 시대 끝났다…인니, 13조 투자 한국에 '배터리·방산 기술 ...","양국은 2026년 4월 프라보워 수비안토 대통령의 방한을 계기로 경제, 핵심광물, 인공지능, 청정에너지, 탄소포집저장 등 주요 분야에서 10건의 양해각서를 교환했다. 이 같은 협력 다변화 논의는 2026년 8월 26일...",https://www.g-enews.com/view.php?ud=202609290700088214fbbec65dfb_1,pos
2026-09-29 06:00,철강금속신문,포스코인터내셔널,"美, 韓 OCTG 최종 덤핑마진 확정…넥스틸 29.94%·세아제강 9.80%","적용 대상에는 아주베스틸, 동아스틸, 하이스틸, 휴스틸, 현대제철, 현대스틸파이프, 일진제강, 케이스틸, 건우메탈, 국제강재, 금강공업, 엠스틸, 닛세이트레이딩, 포스코인터내셔널, 성원제강, TGS파이프 등...",http://www.ferrotimes.com/news/articleView.html?idxno=50601,pos
2026-09-29 06:00,철강금속신문,포스코인터,"KAI·포스코인터, 멕시코와 항공우주 협력…중남미 진출 확대","(왼쪽부터) 산업통산부 김정관 장관, 한국항공우주산업(KAI) 김종출 대표이사, FEMIA 루이스 리스카노 CEO, 포스코인터내셔널 이계인 대표이사, 멕시코 경제부 마르셀로 에브라르드 장관. (제공 : KAI) 포스코인터내셔널과...",http://www.ferrotimes.com/news/articleView.html?idxno=50598,pos
2026-09-29 06:00,철강금속신문,포스코인터내셔널,"韓·멕시코, 무역협정 논의 본격화…공급망·산업 협력 넓힌다","포스코인터내셔널·한국항공우주산업(KAI)과 멕시코 항공우주산업연맹(FEMIA) 간 항공우주산업 협력, HS효성첨단소재와 멕시코 산루이스포토시주 간 산업용 제품 생산기지 투자, 대한상공회의소와 멕시코 대외무역위원회...",http://www.ferrotimes.com/news/articleView.html?idxno=50600,pos
2026-09-29 02:12,wikitree,포스코인터내셔널,"두나무 GIWA 사칭 가짜 브리지, 체인ID까지 베껴 766 ETH 27억원 탈취","올해 4월에는 두나무, 하나금융, 포스코인터내셔널이 실제 무역 거래를 활용해 GIWA 체인 기반 국경 간 송금 시스템을 시험하기로 합의했다고 밝힌 바 있다.5월에는 두나무와 옵티미즘 재단이 GIWA를 최초의...",https://www.wikitree.co.kr/articles/1162562,pos
2026-09-29 00:46,vegannews,팜유,비건 베이킹에서 기름과 고형지방 쓰임 달라,"하스마디 마맛과 산드라 힐이 발표한 비스킷 연구에서는 팜유 분획 등 지방 종류에 따라 반죽의 물성과 내부 기포 구조에 차이가 나타났다. 다만 연구에서 시식 평가단은 비스킷의 단단함 차이를 구별하지 못해, 측정된...",https://www.vegannews.co.kr/news/article.html?no=389204,pos
2026-09-29 00:00,금강일보,포스코인터내셔널,"대기업 33%, 5년 이상 연속 흑자…100분기 이상도 11곳","80~100분기 사이의 장기 흑자 기업은 LS일렉트릭(99분기), 네이버·카카오·포스코인터내셔널(98분기), SK(96분기) 등 15곳이었다. 60~80분기 사이에서 흑자를 이어간 기업은 현대엘리베이터(79분기), 현대캐피탈...",https://www.ggilbo.com/news/articleView.html?idxno=1183491,pos
2026-09-28 21:40,gnmaeil,포스코인터내셔널,"KAI, 멕시코 발판 중미 전투기 시장 공략",﻿김정관 산업통상부 장관 김종출 KAI 대표이사 루이스 리스카노 FEMIA CEO 이계인 포스코인터내셔널 대표이사 마르셀로 에브라르드 멕시코 경제부 장관. / KAI KAI(한국항공우주산업(주))가 멕시코 항공우주 산업 공급망...,http://www.gnmaeil.com/news/articleView.html?idxno=595557,pos
2026-09-28 20:10,econovill,포스코인터내셔널,멕시코 정조준한 K방산… 중남미 진출 교두보 만들까?,"한국항공우주산업(KAI)과 포스코인터내셔널, 멕시코 항공우주산업협회(FEMIA)는 이번 협약식에서 항공우주 산업 협력 MOU를 체결했다. FA-50, 무인항공기, 위성 등 KAI 플랫폼의 운영 및 유지보수 기술 협력을 실시하고...",https://www.econovill.com/news/articleView.html?idxno=752065,pos
2026-09-28 19:40,econonews,포스코인터내셔널,"KAI·포스코인터내셔널, 멕시코 항공우주산업과 협력…'FA-50' 중미 공략...","KAI는 이재명 대통령의 멕시코 국빈 방문에 맞춰 멕시코 항공우주산업협회(FEMIA), 포스코인터내셔널과 '항공우주 산업 협력 양해각서(MOU)'를 체결했다고 28일 밝혔다. 협력 대상에는 항공기와 민간 항공우주 분야의...",http://www.econonews.co.kr/news/articleView.html?idxno=444910,pos
2026-09-28 19:40,gnnews,포스코인터내셔널,"KAI·멕시코, 항공우산업 협력 강화 나서","한국항공우주산업(KAI)이 이재명 대통령의 멕시코 국빈 방문에 맞춰, 멕시코 항공우주산업협회인 FEMIA, 포스코인터내셔널과 함께 멕시코 현지에서 '항공우주 산업 협력 양해각서(MOU)'를 체결했다. 이번 3자 협약은 멕시코...",https://www.gnnews.co.kr/news/articleView.html?idxno=646412,pos
2026-09-28 18:50,catholicnews,팜유,"아시아 청년들, 인신매매와 구조적 폭력에 연대로 응답","ⓒ황경훈 기자 인도네시아 플로레스 지역의 청년 활동가 안도(Ando)는 팜유 농장 노동 착취와 빈곤이 결합된 취업 사기 사례를 보고했다. 그는 가해자가 믿을 만한 지인이나 가족인 때가 많아, 피해자들은 처음에는...",https://www.catholicnews.co.kr/news/articleView.html?idxno=35414,pos
2026-09-28 18:36,쿠키뉴스,포스코인터내셔널,"KAI-멕시코 FEMIA-포스코인터내셔널, 항공우주산업 협력 MOU 체결","쿠키뉴스=강연만 기자 | 한국항공우주산업㈜(KAI)이 멕시코 항공우주산업협회(FEMIA), 포스코인터내셔널과 손잡고 멕시코를 거점으로 한 중남미 항공우주산업 시장 공략에 나선다. KAI는 이재명 대통령의 멕시코 국빈...",https://www.kukinews.com/article/view/kuk202609280223,pos
2026-09-28 18:30,EBN,포스코인터내셔널,"KAI, 멕시코 항공우주 공급망 진출 추진…FA-50 수출도 모색","KAI는 이재명 대통령의 멕시코 국빈 방문을 계기로 멕시코 항공우주산업협회(FEMIA), 포스코인터내셔널과 항공우주 산업 협력 양해각서(MOU)를 체결했다고 28일 밝혔다. 협약에는 멕시코 현지 기업 발굴과 생산·기술 협력...",https://www.ebn.co.kr/news/articleView.html?idxno=1725906,pos
2026-09-28 18:18,esgeconomy,광양 LNG,"바다가 11㎝ 높아졌다…유엔 ""2100년 연안도시 위험 최소 10배""","정유·석유화학 시설과 LNG 터미널, 발전소 역시 원료 운송과 냉각수 확보 등의 이유로 해안에 집중돼 있다.... 여수와 광양 역시 석유화학과 철강, 항만시설이 밀집해 있다. 제주에서는 공항과 항만, 관광시설, 도로와...",https://www.esgeconomy.com/news/articleView.html?idxno=16843,pos
2026-09-28 18:02,글로벌이코노믹,포스코인터내셔널,멕시코까지 현지 협력 넓히는 KAI…FA-50 중남미 진출 기반 확대,"28일 KAI에 따르면 회사는 지난 24일(현지시각) 멕시코 현지에서 멕시코항공우주산업연맹(FEMIA), 포스코인터내셔널과 ‘항공우주산업 협력 양해각서(MOU)’를 체결했다. 고정익·회전익 항공기와 무인기, 위성, 항공기...",https://www.g-enews.com/view.php?ud=202609281609178298ea14faf6f5_1,pos
2026-09-28 18:01,한국경제,팜유,밀가루값 58% 폭등…과자·라면값 인상 도미노 시작 [박상경의 영수증 ...,"설탕의 원료가 되는 원당 가격은 t당 396.61달러로 전년 대비 14.2% 올랐고, 가공식품 제조에 필수적인 대두유(37.2%)와 팜유(10.8%), 옥수수 선물 가격(26.4%)도 일제히 두 자릿수 상승률을 보였다. 용기 원재료인 나프타...",https://www.hankyung.com/article/202609289254g,pos
2026-09-28 18:01,한국경제,팜유,"""과자 몇 개 집었을 뿐인데""…마트 영수증 보고 놀란 이유 [박상경의 영...","설탕의 원료가 되는 원당 가격은 t당 396.61달러로 전년 대비 14.2% 올랐고, 가공식품 제조에 필수적인 대두유(37.2%)와 팜유(10.8%), 옥수수 선물 가격(26.4%)도 일제히 두 자릿수 상승률을 보였다. 용기 원재료인 나프타...",https://www.hankyung.com/article/202609289254g,pos
2026-09-28 17:59,gndomin,포스코인터내셔널,"KAI, 멕시코 항공우주 공급망 구축 나서","/KAI 한국항공우주산업(주)(KAI)이 멕시코 항공우주산업협회(FEMIA), 포스코인터내셔널과 손잡고 멕시코 현지 항공우주 공급망 구축과 중남미 시장 확대에 나선다. KAI는 이재명 대통령의 멕시코 국빈방문을 계기로...",http://www.gndomin.com/news/articleView.html?idxno=490941,pos
2026-09-28 17:34,jeonmae,포스코인터내셔널,"KAI, 멕시코 FEMIA·포스코인터내셔널과 항공우주 협력 확대","한국항공우주산업 KAI, 멕시코 FEMIA·포스코인터내셔널과 항공우주산업 협력을 위한 3자 양해각서 체결 한국항공우주산업 KAI가 멕시코 항공우주산업협회 FEMIA, 포스코인터내셔널과 손잡고 멕시코를 비롯한 중남미...",https://www.jeonmae.co.kr/news/articleView.html?idxno=1296880,pos
2026-09-28 17:31,한국경제,포스코인터,"KAI·포스코인터, 중남미 항공우주 공략","한국항공우주산업(KAI)이 포스코인터내셔널, 멕시코항공우주산업협회(FEMIA)와 ‘항공우주산업 협력 양해각서(MOU)’를 체결하고 중남미 시장 진출에 속도를 낸다고 28일 밝혔다. 이번 3자 협약은 지난 23일부터 나흘간...",https://www.hankyung.com/article/2026092801191,pos
2026-09-28 17:27,연합뉴스TV,포스코인터내셔널,"[비즈&] 롯데백화점, 가을 맞이 '스포츠 테마 행사' 外","▶ KAI, 멕시코와 협력…FA-50 진출 발판 한국항공우주산업이 멕시코항공우주산업협회, 포스코인터내셔널과 함께 국산 전투기 FA-50 공급망 확장에 나섭니다. 멕시코협회는 멕시코를 포함한 중남미 현지 시장에서 기업...",http://www.yonhapnewstv.co.kr/news/MYH20260928172609VIw,pos
2026-09-28 17:20,iminju,포스코인터내셔널,[산업계 동향] 고려아연·KAI·현대엘리베이터,"한국항공우주산업(KAI)은 이재명 대통령의 멕시코 국빈 방문에 맞춰 멕시코 항공우주산업협회(FEMIA), 포스코인터내셔널과 멕시코 현지에서 '항공우주 산업 협력 양해각서(MOU)'를 체결했다고 28일 밝혔다. 이번 3자 협약은...",http://www.iminju.net/news/articleView.html?idxno=170052,pos
2026-09-28 17:15,ppss,포스코인터내셔널,"KAI, 멕시코 항공우주산업 협력 MOU…FA-50 중남미 진출 확대","KAI는 이재명 대통령의 멕시코 국빈 방문에 맞춰 멕시코항공우주산업협회(FEMIA), 포스코인터내셔널과 '항공우주 산업 협력 양해각서(MOU)'를 체결했다고 28일 밝혔다. KAI는 이번 협약을 통해 공급망 협력을 포함한...",https://www.ppss.kr/news/articleView.html?idxno=312617,pos
2026-09-28 17:10,bntnews,팜유,"구성환·김신영·이선민, ‘덩어리즈’ 뭉쳤다… 동반 광고 모델 발탁",세 사람의 먹성과 유쾌한 호흡은 과거 ‘나 혼자 산다’에서 먹방으로 사랑받았던 ‘팜유라인’을 잇는 새로운 조합으로도 주목받았다. 방송이 끝난 뒤에도 친분은 계속됐다. 지난달 김신영은 개인 채널에 구성환이 올린...,https://www.bntnews.co.kr/article/view/bnt202609280241,pos
2026-09-28 16:44,스트레이트뉴스,포스코인터,자회사·모회사 챙기기 바쁜 포스코인터…운전자본 부담 '확연',포스코인터내셔널 사옥. [사진=포스코인터내셔널] 포스코그룹에서 에너지와 상사 사업 등을 담당하는 포스코인터내셔널이 해외 자회사 투자를 확대하고 모회사 포스코홀딩스에 대한 배당을 이어가는 가운데...,https://www.straightnews.co.kr/news/articleView.html?idxno=312063,pos
2026-09-28 15:46,farminsight,팜유,"[식량과 식탁사이] ""먹거리""에 대한 올바른 인식과 접근을 위하여",일례로 우리나라 국민 식생활에 매우 중요한 당류(사탕수수·사탕무·설탕 등)와 유지류(팜유 혹은 콩 식용유 등)의 원료 및 완제품의 자급률이 매우 낮다는 점은 매년 발간되는 식품수급표를 통해서 확인할 수 있는...,https://www.farminsight.net/news/articleView.html?idxno=16880,pos
2026-09-28 15:42,xportsnews,팜유,"'나혼산' 덩어리즈 일냈다…구성환·김신영·이선민, 동반 광고까지 '대...",이들의 남다른 먹성과 유쾌한 케미스트리는 '나 혼자 산다'에서 먹방으로 큰 사랑을 받았던 '팜유라인'을 잇는 새로운 조합으로도 주목받았다. 지난달 김신영도 개인 채널에 세 사람의 추억을 담은 구성환의 게시물을...,https://www.xportsnews.com/article/2201512,pos
2026-09-28 15:40,연합뉴스,POSCO INTERNATIONAL,KOSPI 200 Closing Price List-2,"0 POSCO INTERNATIONAL 56,900 UP 1,600 CJ CheilJedang 179,100 UP 3,300 TaekwangInd 902,000 DN 8,000 OCI Holdings 228,500 UP 22,500 HYUNDAI WIA 54,000 UP 1,500 Mobis 373,000 UP 5,500 HANWHA...",https://en.yna.co.kr/view/AEN20260928008300320?input=2106m,pos
2026-09-28 15:28,메트로신문,포스코인터,"KAI, 멕시코 항공우주 공급망 연계…미주 공략 기반 넓힌다","FEMIA·포스코인터와 항공우주 협력 MOU 항공기·무인기·위성·MRO 등 협력 추진 멕시코 거점 FA-50 중미 진출 가속화 (왼쪽부터)김정관 산업통상부 장관, KAI, 김종출 대표, FEMIA 루이스 리스카노 CEO, 포스코인터내셔널...",http://www.metroseoul.co.kr/article/20260928500394,pos
2026-09-28 15:10,economychosun,포스코인터,[재계 이슈] 현대차 “2028년 도심 달리는 자율주행車 양산” | 엔비디아...,"포스코인터, 美 자회사에 5300억원 출자“셰일가스 자산 인수 위한 유상증자”포스코인터내셔널이 미국 셰일가스 자산을 인수하기 위해 현지 자회사에 1조8000억원 규모의 자금 지원에 나선다. 미얀마 가스전과 호주...",https://economychosun.com/site/data/html_dir/2026/09/19/2026091900019.html,pos
2026-09-28 15:08,economychosun,팜유,[해외 칼럼] 아시아의 자연재해가 금융 위기로 이어져서는 안 된다,"이는 쌀, 커피, 팜유 등 핵심 농산물의 수확량을 급감시켜 식량 가격 급등을 부르고 전 세계 물가를 자극한다. 글로벌 공급망을 마비시키며, 국가 경제에 상당한 거시 경제적 충격을 안긴다.② 2024년 5월 조지아...",https://economychosun.com/site/data/html_dir/2026/09/19/2026091900029.html,neg
2026-09-28 15:02,newsroad,포스코인터,"KAI, 멕시코 FEMIA·포스코인터와 항공우주 MOU 체결… 중남미 시장 공략...","한국항공우주산업(KAI, 사장 김종출)이 이재명 대통령의 멕시코 국빈 방문 일정에 맞춰 멕시코 현지에서 멕시코 항공우주산업협회(FEMIA), 포스코인터내셔널과 3자 '항공우주 산업 협력 양해각서(MOU)'를 체결했다고 28일...",http://www.newsroad.co.kr/news/articleView.html?idxno=64958,pos
2026-09-28 14:36,매일일보,팜유,식품업계 가격 인상 잇따라…원재료·유가도 상승세,"이달 원당 평균 가격은 t당 396.61달러로 전년 대비 14.2% 올랐으며 대두유와 팜유 가격도 각각 37.2%, 10.8% 상승했다. 옥수수 선물 가격 역시 26.4% 높아졌다. 환율도 변수다. 원·달러 환율이 오르면 밀·팜유·대두유 등 수입...",https://www.m-i.kr/news/articleView.html?idxno=1418571,pos
2026-09-28 13:30,투데이에너지,미얀마 가스전,[분석] 미국산 LNG 15.1%로 확대…카타르산 공백 대체,"호주 바로사 가스전 지분 37.5%를 보유하고 있는 SK E&S는 향후 20년간 연간 130만톤 규모의 LNG를 도입할 계획이며, 2022년 호주 세넥스에너지 지분 50.1%를 인수한 포스코인터내셔널은 미얀마 가스전 지분 51%도 보유하고...",https://www.todayenergy.kr/news/articleView.html?idxno=303528,pos
2026-09-28 11:58,thelec,포스코인터,"KAI·포스코인터, 멕시코 항공우주 공급망 구축 협력","한국항공우주산업(KAI)이 포스코인터내셔널과 멕시코 항공우주 시장 진출을 확대한다. KAI는 멕시코 항공우주산업협회(FEMIA), 포스코인터내셔널과 항공우주 산업 협력을 위한 3자 양해각서(MOU)를 체결했다고 28일...",https://www.thelec.kr/news/articleView.html?idxno=62804,pos
2026-09-28 11:50,ilovepc,광양 LNG,장인화 포스코 회장 연임은? … 3대 호재 vs 3대 악재 '팽팽',본업 불황 속에서도 리튬 흑자전환과 LNG 사업 호조를 이끌어냈다. 비핵심 사업·자산 85건을 정리해 약... 포항·광양제철소 협력사 직원 7000여명의 직고용을 발표한 것도 가점 요인이다. 일각에선 현정부 코드에 맞춘...,https://www.ilovepc.co.kr/news/articleView.html?idxno=60782,pos
2026-09-28 11:42,FETV,포스코인터,"KAI, FEMIA·포스코인터와 맞손…중남미 진출 본격화","28일 KAI는 이재명 대통령의 멕시코 국빈 방문에 맞춰 멕시코 항공우주산업협회(FEMIA), 포스코인터내셔널과 '항공우주산업 협력 양해각서(MOU)'를 체결했다고 밝혔다. 이번 협약은 멕시코 정부의 중장기 경제발전 전략인...",https://www.fetv.co.kr/news/articleView.html?idxno=310851,pos
2026-09-28 11:41,헤럴드경제,팜유,밀·설탕·유지류 가격 일제히 ‘고공행진’…과자값 또 오르나 [푸드36...,"튀김, 제빵 등에 사용되는 대두유는 37.2% 뛰었고, 팜유도 10.8% 상승했다. 옥수수 선물 가격도 전년 동월 대비 26.4% 올랐다. 식품업계는 원재료 상승세를 반영해 가격 인상을 진행하고 있다. 해태제과는 다음 달 1일부터...",https://biz.heraldcorp.com/article/10885764?ref=naver,pos
2026-09-28 11:36,cnbnews,포스코인터,"KAI, 멕시코 FEMIA·포스코인터와 항공우주산업 협력","한국항공우주산업(KAI)은 이재명 대통령의 멕시코 국빈 방문에 맞춰 멕시코 항공우주산업협회인 FEMIA, 포스코인터내셔널과 함께 멕시코 현지에서 '항공우주 산업 협력 양해각서(MOU)'를 체결했다고 28일 밝혔다. 이번...",https://www.cnbnews.com/news/articleView.html?idxno=1017211,pos
2026-09-28 11:32,sentv,포스코인터,"KAI·멕시코 FEMIA·포스코인터, 항공우주산업 협력 MOU 체결","한국항공우주산업(KAI)이 포스코인터내셔널, 멕시코 항공우주산업협회(FEMIA)와 손잡고 중남미 항공우주 시장 공략에 속도를 낸다. KAI는 멕시코 현지에서 FEMIA, 포스코인터내셔널과 ‘항공우주 산업 협력 양해각서(MOU)...",https://www.sentv.co.kr/article/view/sentv202609280042,pos
2026-09-28 11:14,KPE,포스코인터,"KAI, 중남미 항공우주 시장 공략..멕시코협회·포스코인터와 맞손","한국정경신문 정아람 기­자 ottokaeee@gmail.com [한국정경신문=정아람 기자] 한국항공우주산업(KAI)이 멕시코 항공우주협회, 포스코인터내셔널과 손잡고 중남미 시장 진출 기반을 다진다.KAI는 멕시코항공우주산업협회...",https://kpenews.com/View.aspx?No=4242916,pos
2026-09-28 11:04,중소기업신문,포스코인터,"KAI, 멕시코항공·포스코인터 3자 MOU 韓·멕시코 항고우주산업 발전 협...","한국항공우주산업㈜이 이재명 대통령의 멕시코 국빈 방문에 맞춰 멕시코 항공우주산업협회(FEMIA), 포스코인터내셔널과 함께 '항공우주 산업 협력 양해각서(MOU)'를 체결했다. (왼쪽부터) 산업통산부 김정관 장관, KAI...",http://www.smedaily.co.kr/news/articleView.html?idxno=363782,pos
2026-09-28 11:02,뉴스토마토,포스코인터,"KAI·포스코인터, 멕시코 항공우주산업과 맞손…‘FA-50’ 중미 공략",뉴스토마토 = 안정훈 기자 | 한국항공우주(047810·KAI)과 포스코인터내셔널(047050)이 멕시코 항공우주산업계와 협력해 현지 공급망을 확대하고 중미 시장 진출을 본격화합니다. 김정관 산업통상부 장관과 김종출...,http://www.newstomato.com/ReadNews.aspx?no=1314886&inflow=N,pos
2026-09-28 10:56,finomy,포스코인터,"KAI, 멕시코 FEMIA·포스코인터와 항공우주 공급망 협력","현대경제신문 박희민 기자 | KAI가 멕시코 항공우주산업협회(FEMIA), 포스코인터내셔널과 멕시코 항공우주 산업 공급망 확대와 현지화를 위해 협력한다. KAI는 이재명 대통령의 멕시코 국빈 방문을 계기로 현지에서 FEMIA...",http://www.finomy.com/news/articleView.html?idxno=262360,pos
2026-09-28 10:31,서울경제,포스코인터,"KAI, 포스코인터·FEMIA와 항공우주산업 협력 확대","한국항공우주(047810)산업(KAI)이 이재명 대통령의 멕시코 국빈 방문에 맞춰 지난 25일(현지 시간) 멕시코시티에서 현지 항공우주산업협회인 ‘FEMIA’, 포스코인터내셔널(047050)과 함께 항공우주 산업 협력 양해각서(MOU)를...",https://www.sedaily.com/article/20095460?ref=naver,pos
2026-09-28 10:22,스마트투데이,팜유,해외 비중 80% 삼양식품 'AA-' 올라선 사이…내수 식품사는 판가·과징금...,"올해 8월 기준 밀·옥수수·대두 국제가격은 전년 동월 대비 각각 42.8%, 20.8%, 18.4% 올랐고 대두유·팜유 등 유지류도 10~30% 높다. 원/달러 환율이 6월 평균 1527.3원에서 8월 말 이후 1350원 안팎으로 내려왔지만...",https://www.smarttoday.co.kr/ko-kr/articles/112012,neg
2026-09-28 10:16,디지털타임스,포스코인터,"KAI, 멕시코 항공우주 공급망 구축…FA-50 중미 진출 가속","KAI는 이재명 대통령의 멕시코 국빈 방문에 맞춰, 멕시코 항공우주산업협회인 FEMIA, 포스코인터내셔널과 함께 멕시코 현지에서 ‘항공우주 산업 협력 양해각서(MOU)’를 체결했다고 28일 밝혔다. 이번 3자 협약은 멕시코...",https://www.dt.co.kr/article/12086063?ref=naver,pos
2026-09-28 10:04,조선일보,포스코인터,"KAI, 멕시코 항우협·포스코인터와 항공우주 산업 협력 MOU 체결","한국항공우주산업(KAI)이 이재명 대통령의 멕시코 국빈 방문에 맞춰 멕시코 항공우주산업협회인 FEMIA(Federación Mexicana de la Industria Aeroespacial), 포스코인터내셔널과 항공우주 산업 협력을 위한 양해 각서(MOU)를...",https://biz.chosun.com/industry/company/2026/09/28/HW2LSNDSMZEGXDYB3UXW27RQHU/?utm_source=naver&utm_medium=original&utm_campaign=biz,pos
2026-09-28 09:47,아이뉴스24,포스코인터,"KAI·FEMIA·포스코인터, 멕시코 항공우주산업 협력 체계 구축","한국항공우주산업(KAI)이 멕시코 항공우주산업협회 FEMIA, 포스코인터내셔널과 함께 3자간 항공우주산업 협력 체계를 구축했다. KAI는 지난 25일(현지시간) 멕시코시티에서 열린 '한-멕시코 비즈니스 포럼'에서 FEMIA...",http://www.inews24.com/view/2009315,pos
2026-09-28 09:45,전자신문,팜유,"오뚜기, '하루강황 레몬진저샷' 출시…강황 음용 제품으로 확대","한편, 오뚜기는 쌀·대두·팜유·강황·계란·참치 등 6개 품목을 지속가능 조달을 위한 핵심 원료로 선정해 관리하고 있다. 원료 생산 과정의 환경·사회적 영향을 관리하고 추적 가능한 원부자재 조달을 확대한다는...",https://www.etnews.com/20260928000094,pos
2026-09-28 09:36,한국일보,포스코인터,"KAI, FEMIA·포스코인터와 항공우주 산업 MOU 체결","김정관 산업통산부 장관, 김종출 한국항공우주산업(KAI) 대표이사, 루이스 리스카노 FEMIA 최고경영자(CEO), 이계인 포스코인터내셔널 대표이사, 마르셀로 에브라르드 멕시코 경제부 장관이 지난 25일 열린 '한-멕시코...",https://weekly.hankooki.com/news/articleView.html?idxno=7186075,pos
2026-09-28 09:21,ZDNet코리아,포스코인터,"KAI·포스코인터, 멕시코와 우주항공 기술협력…미주 진출 기반 확대","한국항공우주산업(KAI)이 멕시코 항공우주업계, 포스코인터내셔널과 현지생산·공급망 협력을 추진하며 미주 시장 진출 기반을 넓힌다. KAI는 이재명 대통령의 멕시코 국빈 방문에 맞춰 현지에서 멕시코...",https://zdnet.co.kr/view/?no=20260928092103,pos
2026-09-28 09:18,글로벌이코노믹,포스코인터,"KAI, 멕시코 FEMIA·포스코인터와 3자 MOU…항공우주 협력 확대","KAI는 멕시코 항공우주산업협회(FEMIA), 포스코인터내셔널과 ‘항공우주 산업 협력을 위한 양해각서(MOU)’를 체결했다고 28일 밝혔다. 이번 3자 협약은 지난 25일(현지시각) 멕시코시티에서 열린 한·멕시코 비즈니스...",https://www.g-enews.com/view.php?ud=202609280859288494ea14faf6f5_1,pos
2026-09-28 09:14,머니투데이,포스코인터,"KAI-멕시코 항공우주산업협회-포스코인터, 3자간 MOU 체결","한국항공우주산업(KAI)은 멕시코 항공우주산업협회(FEMIA), 포스코인터내셔널과 함께 '항공우주 산업 협력 양해각서(MOU)'를 체결했다고 28일 밝혔다. 이번 3자 협약은 이재명 대통령의 멕시코 국빈 방문을 계기로...",https://www.mt.co.kr/industry/2026/09/28/2026092809015439931,pos
2026-09-28 09:08,데일리안,포스코인터,"KAI·포스코인터, 멕시코 항공우주 공급망 진출…FA-50 중남미 사업 확대","한국항공우주산업(KAI)이 멕시코 항공우주산업협회(FEMIA), 포스코인터내셔널과 손잡고 현지 공급망 구축에 나선다. 멕시코를 거점으로 국산 항공기와 항공우주 사업의 중남미 진출을 확대한다는 계획이다. KAI는 멕시코...",https://www.dailian.co.kr/news/view/1694841/?sc=Naver,pos
2026-09-28 09:06,헤럴드경제,포스코인터,"KAI-멕시코 FEMIA-포스코인터, 항공우주 산업 협력 MOU","한국항공우주산업(KAI)은 이재명 대통령의 멕시코 국빈 방문에 맞춰 지난 25일(현지시간) 멕시코시티에서 열린 ‘한-멕시코 비즈니스 포럼’에서 멕시코 항공우주산업협회(FEMIA), 포스코인터내셔널과 ‘항공우주 산업...",https://biz.heraldcorp.com/article/10885649?ref=naver,pos
2026-09-28 09:04,이투데이,포스코인터,"KAI·포스코인터, 멕시코 항공우주업계와 FA-50 중남미 진출 협력","(FEMIA), 포스코인터내셔널과 항공우주산업 협력을 위한 양해각서(MOU)를 체결했다고 28일 밝혔다. 이번 협약은 멕시코 정부의 중장기 경제 발전 전략인 ‘플랜 멕시코(Plan Mexico)’와 연계해 현지 항공우주산업 공급망을...",https://www.etoday.co.kr/news/view/2629689,pos
2026-09-28 09:04,뉴데일리,포스코인터,"KAI, 멕시코 항공우주 공급망 시장 진출 … FEMIA·포스코인터와 3자 협...","KAI는 이재명 대통령의 멕시코 국빈 방문을 계기로 멕시코 항공우주산업협회(FEMIA), 포스코인터내셔널과 ‘항공우주 산업 협력 양해각서(MOU)’를 체결했다고 28일 밝혔다. 이 대통령은 지난 23~26일 멕시코를 국빈...",https://biz.newdaily.co.kr/site/data/html/2026/09/28/2026092800030.html,pos
2026-09-28 09:00,뉴스드림,포스코인터,"KAI-포스코인터, 멕시코와 항공우주 3자 협력…미주 수출 전선 확대","한국항공우주산업(KAI)이 포스코인터내셔널, 멕시코 항공우주산업협회(FEMIA)와 손잡고 중미 항공우주 및 방위산업 시장 공략을 본격화한다. 멕시코 정부의 국가 중장기 개발 전략과 맞물려 현지 생산 및 공급망 협력...",http://www.newsdream.kr/news/articleView.html?idxno=118893,pos
2026-09-28 09:00,hansbiz,포스코인터,"KAI·FEMIA·포스코인터, 항공우주산업 협력","지난 25일 멕시코 멕시코시티에서 진행된 한-멕시코 비즈니스포럼에 참석한 김정관 산업통상부 장관, 김종출 KAI 대표이사, 루이스 리스카노 FEMIA CEO, 이계인 포스코인터내셔널 대표, 마르셀로 에브라르드 멕시코...",http://www.hansbiz.co.kr/news/articleView.html?idxno=868253,pos
2026-09-28 08:56,뉴시스,포스코인터,"KAI·포스코인터, 멕시코 항공우주산업과 맞손…'FA-50' 중미 공략 가속",한국항공우주산업(KAI)과 포스코인터내셔널이 멕시코 항공우주산업계와 협력해 현지 공급망을 확대하고 FA-50을 앞세운 중미 시장 진출에 속도를 낸다. KAI는 이재명 대통령의 멕시코 국빈 방문에 맞춰 멕시코...,https://www.newsis.com/view/NISX20260928_0003804687,pos
2026-09-28 08:49,이데일리,포스코인터,"KAI·FEMIA·포스코인터, 멕시코 항공우주 협력 MOU 체결","한국항공우주산업(KAI)이 멕시코 항공우주산업협회 FEMIA, 포스코인터내셔널과 함께 3자간 항공우주산업 협력 체계를 구축한다. 이를 통해 멕시코의 국가 전략 산업 정책인 ‘플랜 멕시코’에 기여하겠다는 구상이다....",https://www.edaily.co.kr/News/Read?newsId=02151686645584712&mediaCodeNo=257&utm_source=naver&utm_medium=referral&utm_campaign=news_syndication&utm_content=original_article,pos
2026-09-28 06:06,조선일보,미얀마 가스전,카타르산 LNG 공급 막히자 미국산 판매 급증… 국내 직도입사들도 웃는...,"5%를 갖고 있다. 이 회사는 향후 20년 간 연간 130만t의 LNG를 호주 바로사 가스전에서 들여올 계획이다. 포스코인터내셔널은 호주 세넥스에너지 지분 50.1%를 2022년에 인수했고, 미얀마 가스전 지분 51%도 갖고 있다.",https://biz.chosun.com/industry/company/2026/09/28/EAKPIXBAL5FTJKKUWQKUSCZZ5I/?utm_source=naver&utm_medium=original&utm_campaign=biz,pos
2026-09-28 06:00,아주경제,대미투자특별법,"[이학노 칼럼] 대미 투자의 '상업적 합리성', 금과옥조인가?","제2, 제3의 프로젝트들은 상업적 합리성의 근거가 미흡하여 대미투자특별법상 국회 동의라는 관문을 거쳐야 한다는 전망이다. 그러나, 원전 건설의 경우 웨스팅하우스 이슈, 한국 원전의 미국 진출 등 종합적인 경제적...",https://www.ajunews.com/view/20260927063438480,pos
2026-09-28 06:00,경향신문,팜유,"나무 톱밥으로 만든 초콜릿, 완두콩으로 만든 연어 대체육···에스토니...",‘발효 지방(FERM-OIL)’ 기술로 가공식품 등에 쓰이는 팜유를 대체한 것이다. 마리-리스 퀴트 ÄIO 최고혁신책임자(CIO)는 “목재가 아니더라도 탄소를 포함한다면 지방의 원료가 될 수 있다”며 “부산물을...,https://www.khan.co.kr/article/202609280600051,pos
2026-09-28 06:00,뉴스1,대미투자특별법,"추석 연휴 끝, 국감 시즌 시작…재경위, 대미투자·부동산·미래기금 쟁...","상업적 합리성은 지난 3월 국회를 통과한 대미투자특별법이 정한 투자 원칙이다. 법은 대미투자가 상업적 합리성을 확보하는 것을 원칙으로 하되, 공급망 안정이나 국가안보 등 불가피한 사유가 있으면 소관...",https://www.news1.kr/economy/trend/6300857,pos
2026-09-28 00:05,kado,삼척블루파워,삼척블루파워 부지 AI 데이터센터 유치 시동,"삼척블루파워는 지난 22일 블루센터 대회의실에서 강규봉 삼척블루파워 대표, 김성식·이유열 한국대체투자자산운용 공동대표 등이 참석한 가운데 블루파워 발전소 부지 매각을 위한 업무협약(MOU)을 체결했다....",https://www.kado.net/news/articleView.html?idxno=2074930,pos
2026-09-28 00:02,한국금융신문,팜유,“그때 살걸”…원금 5배 불려준 삼양식품 ‘불닭ʼ [정답은 TSR],1960년대 라면 유탕 처리 방식을 재해석해 동물성 기름 우지와 식물성 팜유를 혼합한 ‘골든블렌드 오일’로 면을 튀겨낸 게 특징이다. 지난 7월에는 우지로 만든 프리미엄 짜장라면 ‘짜르르’를 론칭하며 비(非)...,https://www.fntimes.com/html/view.php?ud=202609231810141286dd55077bc2_18,neg
2026-09-27 21:54,강원일보,삼척블루파워,‘데이터센터 부지 매각 업무협약’ 주목,"삼척시가 삼척지역 2곳 화력발전소 유휴부지를 활용한 데이터센터 유치를 추진하고 있는 가운데 삼척블루파워가 최근 한국대체투자자산운용과 AI 데이터센터 부지 매각을 위한 업무협약(MOU)을 체결, 결과가 주목되고...",https://www.kwnews.co.kr/article/20260926500213,pos
2026-09-27 13:46,천지일보,품목관세,한국제품 수입규제 상반기 241건… 최다 규제국은 미국,중심으로 보호무역주의가 확산하면서 각국의 무역구제조치 활용이 강화되고 있다고 분석했다. 특히 미국의 철강·알루미늄 품목관세 부과 이후 관련 품목을 대상으로 한 수입규제 조사도 지속되고 있다고 설명했다.,https://www.newscj.com/news/articleView.html?idxno=3435794,pos
2026-09-27 11:24,서울경제,포스코인터,韓·멕시코 “제조 넘어 첨단·에너지·문화까지” 협력 확장,"한국 측에서는 최태원 대한상의 회장을 비롯해 구광모 LG(003550) 회장, 구자은 LS(006260) 회장, 노태문 삼성전자(005930) 사장, 송호성 기아(000270) 사장, 이계인 포스코인터내셔널(047050) 사장, 박성철 두산밥캣 부회장...",https://www.sedaily.com/article/20095136?ref=naver,pos
2026-09-27 10:41,연합뉴스,포스코인터,"상의, 멕시코서 비즈니스 포럼…최태원 ""새로운 성장 첫걸음""","첨단산업·공급망, 신산업·에너지, 문화창조산업 협력 모색 포스코인터·KAI·HS효성첨단소재 사업 MOU…경제단체 협력 강화 한국과 멕시코가 제조업을 중심으로 이뤄 온 경제 협력을 첨단산업과 공급망 등 미래 성장...",https://www.yna.co.kr/view/AKR20260927019100003?input=1195m,pos
2026-09-27 09:00,뉴시스,대미투자특별법,"[대미투자 청구서③] ""상업적 합리성 있는 사업만""… 李, 강조한 '안전판...",대미투자특별법은 상업적 합리성을 '대미투자의 존속기간 동안 대통령령으로 정하는 원리금 상환을 위한 충분한 현금흐름을 창출할 것으로 판단되는 투자'로 정의하고 있다. 정부가 에너지 사업을 우선 검토한 것도...,https://www.newsis.com/view/NISX20260923_0003802485,pos
2026-09-27 08:42,G경제,품목관세,"[국내경제] 美 관세만 문제가 아니다…한국산 수입규제 241건, ‘제2의 무...",특히 미국이 철강·알루미늄에 품목관세를 부과한 이후 관련 제품에 대한 다른 국가들의 수입규제 조사도 계속되고 있다. EU와 영국 역시 기존 세이프가드를 대체하거나 강화하는 방향으로 규제를 확대하고 있다....,https://www.geconomy.co.kr/news/article.html?no=323941,pos
2026-09-27 06:48,newsian,광양 LNG,[2026 국감Ⅱ-지표에 가려진 현장④] 전력 인프라 적체에 '탄소 원가'까...,최근 3개월간 유연탄과 액화천연가스(LNG) 등 국제 에너지가격을 반영한 4분기 실적연료비는 ㎏당 549.... 이에 포스코의 광양 전기로 준공 및 현대제철의 저탄소 제품 생산 등 국네 주요 철강사들은 친환경 설비 투자를...,http://www.newsian.co.kr/news/articleView.html?idxno=96004,pos
2026-09-26 22:26,시사경제,미얀마 LNG,"한국가스공사 홍의락, 재무정상화 바통…LNG캐나다로 성장축↑",상반기 영업익 1조5853억…해외사업 비중 20.9% 부채 2.24조 감소·부채비율 345%…민수용 미수금도 감소 LNG캐... 미얀마·모잠비크·호주·이라크·캐나다 등 주요 해외사업의 영업이익은 지난해 상반기 1920억원에서 올해...,https://sateconomy.co.kr/news/view/1065619194692924,pos
2026-09-26 17:08,tfmedia,품목관세,[이슈체크] 무역장벽 높아진 한국산 제품...상반기 수입규제 241건,"이어 ""미국의 철강·알루미늄 품목관세 부과 후 관련 품목에 대한 수입규제 조사 개시가 지속되고 있으며, EU와 영국 등도 기존 세이프가드를 대체·강화하는 등 규제가 확산하고 있다""고 덧붙였다. 한국산 수출품이...",https://www.tfmedia.co.kr/news/article.html?no=207487,pos
2026-09-26 16:31,KBS,품목관세,한국제품 수입규제 상반기 241건…작년 하반기보다 11건 늘어,"이어 ""미국의 철강·알루미늄 품목관세 부과 후 관련 품목에 대한 수입규제 조사 개시가 지속되고 있으며, EU와 영국 등도 기존 세이프가드를 대체·강화하는 등 규제가 확산하고 있다""고 덧붙였습니다. [사진 출처...",https://news.kbs.co.kr/news/pc/view/view.do?ncd=8671872&ref=A,pos
2026-09-26 16:14,뉴스1,품목관세,보호무역 확산에 韓 수출품 수입규제 241건…반년 새 11건 늘어,"이어 ""미국의 철강·알루미늄 품목관세 부과 후 관련 품목에 대한 수입규제 조사 개시가 지속되고 있으며, EU와 영국 등도 기존 세이프가드를 대체·강화하는 등 규제가 확산하고 있다""고 덧붙였다.",https://www.news1.kr/economy/trend/6301979,pos
2026-09-26 16:14,뉴스1,품목관세,보호무역 확산에 한국 수출품 수입규제 241건…반년 새 11건 늘어,"이어 ""미국의 철강·알루미늄 품목관세 부과 후 관련 품목에 대한 수입규제 조사 개시가 지속되고 있으며, EU와 영국 등도 기존 세이프가드를 대체·강화하는 등 규제가 확산하고 있다""고 덧붙였다.",https://www.news1.kr/economy/trend/6301979,pos
2026-09-26 16:02,shinailbo,품목관세,한국산 제품 수입규제 241건…철강·금속 '절반',미국의 철강·알루미늄 품목관세 부과 이후 관련 품목에 대한 수입규제 조사가 이어지고 있으며 EU와 영국 등도 기존 세이프가드를 대체하거나 강화하고 있는 것으로 조사됐다. [신아일보],https://www.shinailbo.co.kr/news/articleView.html?idxno=5065855,pos
2026-09-26 15:25,이데일리,품목관세,한국산 제품 무역장벽 높아졌다…상반기 수입규제 241건,"보고서는 ""미국 도널드 트럼프 2기 행정부의 관세조치로 각국의 무역구제조치 활용이 강화되는 가운데 대(對)한국 수입규제 신규 조사 개시 건도 지속적으로 확대되고 있다""며 ""미국의 철강·알루미늄 품목관세 부과...",https://www.edaily.co.kr/News/Read?newsId=02118886645584056&mediaCodeNo=257&utm_source=naver&utm_medium=referral&utm_campaign=news_syndication&utm_content=original_article,pos
2026-09-26 14:42,핀포인트뉴스,광양 LNG,미국 셰일가스 품은 포스코인터내셔널…LNG 트레이딩 기업으로 변신,광양 LNG 터미널 등 기존 인프라를 활용하면 미국에서 확보한 천연가스와 LNG 물량을 국내 사업과 연결하면서 추가적인 트레이딩 기회를 만들 수 있다. 미국산 LNG 확보는 이번 셰일가스 자산 인수에서 끝나지 않는다....,https://www.pinpointnews.co.kr/news/articleView.html?idxno=490400,pos
2026-09-26 14:02,EBN,품목관세,韓제품 수입규제 241건으로 늘었다…절반은 철강·금속,이어 미국의 철강·알루미늄 품목관세 부과 이후 관련 품목에 대한 수입규제 조사가 이어지고 있으며 EU와 영국 등도 기존 세이프가드를 대체·강화하는 등 규제가 확산하고 있다고 밝혔다.,https://www.ebn.co.kr/news/articleView.html?idxno=1725684,pos
2026-09-26 13:53,SBS,품목관세,한국 제품 수입규제 상반기 241건…작년 하반기보다 11건 늘어,"이어 ""미국의 철강·알루미늄 품목관세 부과 후 관련 품목에 대한 수입규제 조사 개시가 지속되고 있으며, EU와 영국 등도 기존 세이프가드를 대체·강화하는 등 규제가 확산하고 있다""고 덧붙였습니다. (사진...",https://news.sbs.co.kr/news/endPage.do?news_id=N1008770736&plink=ORI&cooper=NAVER,pos
2026-09-26 13:44,MBN,품목관세,한국제품 수입규제 상반기 241건…작년 하반기보다 11건 늘어,"이어 ""미국의 철강·알루미늄 품목관세 부과 후 관련 품목에 대한 수입규제 조사 개시가 지속되고 있으며, EU와 영국 등도 기존 세이프가드를 대체·강화하는 등 규제가 확산하고 있다""고 덧붙였습니다.",http://mbnmoney.mbn.co.kr/news/view?news_no=MM1005926962,pos
2026-09-26 13:24,SBS,품목관세,한국제품 수입규제 상반기 241건…지난해 하반기보다 11건 늘어,"이어 ""미국의 철강·알루미늄 품목관세 부과 후 관련 품목에 대한 수입규제 조사 개시가 지속되고 있으며, EU와 영국 등도 기존 세이프가드를 대체·강화하는 등 규제가 확산하고 있습니다""라고 덧붙였습니다.",https://biz.sbs.co.kr/article_hub/20000336773?division=NAVER,pos
2026-09-26 11:58,디지털타임스,품목관세,한국산 ‘신규 수입규제 조사’ 10건→25건… 인도 6건 최다,"이어 “미국의 철강·알루미늄 품목관세 부과 이후 관련 품목에 대한 수입규제 조사가 이어지고 있으며, 유럽연합(EU)과 영국 등도 기존 세이프가드를 대체하거나 강화하는 등 규제가 확산하고 있다”고 밝혔다.",https://www.dt.co.kr/article/12085837?ref=naver,pos
2026-09-26 11:31,연합뉴스,품목관세,한국제품 수입규제 상반기 241건…작년 하반기보다 11건 늘어,"이어 ""미국의 철강·알루미늄 품목관세 부과 후 관련 품목에 대한 수입규제 조사 개시가 지속되고 있으며, EU와 영국 등도 기존 세이프가드를 대체·강화하는 등 규제가 확산하고 있다""고 덧붙였다.",https://www.yna.co.kr/view/AKR20260923164700003?input=1195m,pos
2026-09-26 11:24,한국경제,대미투자특별법,외평채·한미투자채 150억弗 조달…대미투자 실탄 쌓는다,지난 6월 출범한 공사는 대미투자특별법에 따라 전략투자 재원을 조성하고 투자사업을 관리하는 전담 기관이다. 외화표시 외평채 발행 한도와 한미전략투자채권의 국가보증 한도를 합치면 150억달러다. 정부와 공사가...,https://www.hankyung.com/article/202609266492i,pos
2026-09-26 11:24,industrynews,미얀마 가스전,"'장인화號' 포스코, 트리플 코어 전략 속도…실적 개선 이어갈 리더십에...",포스코인터내셔널은 미얀마·호주 가스전과 인도네시아 팜 사업의 이익 증가에 힘입어 분기 기준 역대 최대 영업이익을 냈다. 투자 재원을 마련하기 위한 구조개편도 진행되고 있다. 포스코홀딩스는 올해 상반기...,https://www.industrynews.co.kr/news/articleView.html?idxno=86566,pos
2026-09-26 09:00,hansbiz,포스코인터,"포스코인터 美가스전 인수, 차입금 부담↑[더시그널]",포스코인터내셔널 사옥 / 포스코인터내셔널 제공 | 서울=한스경제 김은영 기자 | 포스코인터내셔널이 미국 셰일가스 자산 인수에 나서면서 단기적으로 차입 부담이 커질 전망이다. 다만 이미 생산을 진행하고...,http://www.hansbiz.co.kr/news/articleView.html?idxno=867612,pos
2026-09-26 06:20,에너지경제,포스코인터,"포스코인터, 미 가스 프로젝트 투자 승부수…그룹 에너지 전략 가속","23일 업계에 따르면, 포스코인터내셔널은 11월 중순 코드에너지(Chord Energy) 사의 자회사가 보유한 펜실베니아주 마르셀루스(Marcellus) 분지 셰일가스전을 매입하는 거래를 완료할 예정이다. 미국 자원 탐사개발(E&P)...",https://www.ekn.kr/web/view.php?key=20260924022538782,pos
2026-09-26 06:00,중앙일보,팜유,“혼수 상태로 실려온다” 당뇨 의사가 질색하는 과일 2가지,일반 카레든 즉석 카레든 당류도 적지 않아요.특히 가루나 과립형이 아닌 덩어리진 고형 카레는 가루를 굳히기 위해 팜유를 쓰기 때문에 지방 함량이 훨씬 높아요. 「 영양정보 당류 %의 함정 」 그래서 요즘은...,https://www.joongang.co.kr/article/25464825,pos
2026-09-25 23:34,스타뉴스,팜유,"팜유랑 다르네..'독신왕' 기안84, 시작부터 김대호 손절각 [나혼산]",'나 혼자 산다' 기안84가 김대호를 손절(?)하고자 했다. 25일 전파를 탄 MBC '나 혼자 산다'에서 기안84와 김대호는 추석 명절을 앞두고 전현무와 같이 모이기로 했다. 이들은 '나 혼자 산다' 대표 독신왕들. 기안84는 먼저...,https://www.starnewskorea.com/broadcast-show/2026/09/25/2026092523312359005,pos
2026-09-25 17:48,경인방송,구동모터코어,"삼성은 가전, 기아는 전기차, LS는 전력…멕시코 간 9개 기업 '누가 무엇...","포스코인터내셔널은 멕시코 구동모터코어 1·2공장의 합산 생산능력을 연간 350만대 이상으로 확대했다. 1공장은 전기차, 2공장은 하이브리드차 중심으로 생산체계를 구축하고 있다. 멕시코와 미국에 자동차 공장이...",https://news.ifm.kr/news/articleView.html?idxno=480252,pos
2026-09-25 09:28,sisafocus,광양 LNG,"[이슈] 국회 보고된 대미투자…'텍사스' 확정, 원전·LNG 협상 진행형","◆ ""사업 결실 누가 가져가나""…후속투자도 '한국 몫' 관건 광양 제1LNG터미널 전경. (사진 / 포스코인터내셔널 제공) 문종철 산업연구원(KIET) 경제안보·통상연구실 연구위원은 <시사포커스>와의 통화에서 엔시날 사업에...",http://www.sisafocus.co.kr/news/articleView.html?idxno=365378,pos
2026-09-25 09:01,매일경제,광양 LNG,"호르무즈 봉쇄에도 끄떡없다?…SK이노, 사상 최대 실적 기대",SK E&S는 직접 조달한 LNG를 보령·광양터미널을 거쳐 광양·파주·여주 등 총 4GW 규모 LNG 발전소와 1GW 규모 열병합발전소에 공급한다. SK E&S는 LNG를 직접 조달해 연료비 부담이 낮다. 덕분에 한국가스공사의...,https://www.mk.co.kr/article/12159321,pos
2026-09-25 09:01,매일경제,광양 LNG,"SK이노, 호르무즈 봉쇄에도 끄떡없다?…사상 최대 실적 이루나",SK E&S는 직접 조달한 LNG를 보령·광양터미널을 거쳐 광양·파주·여주 등 총 4GW 규모 LNG 발전소와 1GW 규모 열병합발전소에 공급한다. 한국가스공사의 평균요금제를 적용받는 발전사보다 원료 조달 경쟁력이...,https://www.mk.co.kr/article/12159321,pos
2026-09-25 09:00,iminju,포스코인터,"포스코인터, 가스 증산 효과 본격화…에너지 수익 기반 넓힐까",민주신문=조환흠 기자｜포스코인터내셔널이 호주 가스전 증산 효과로 에너지 사업 수익원을 다변화하고 있다. 현지 장기 공급계약에 이어 미국 가스전 인수에도 나서면서 안정적인 수익 기반 마련에 속도를 내는...,http://www.iminju.net/news/articleView.html?idxno=169837,pos
2026-09-24 17:38,뉴스핌,팜유,위엄의 상징 '호암'미술관 뒤엎은 파격! 아시아 젊은작가들의 '아트스펙...,아이템인 팜유산업과 글로벌 경제의 복잡한 관계를 담은 사변적 영상과 바틱 구조물로 이뤄졌다. [사진=이영란 미술전문기자] 2026.09.23 art29@newspim.com 인도네시아 작가 엘리아 누르비스타는 자국의 전통적 산업인 팜유...,https://www.newspim.com/news/view/20260923000559,pos
2026-09-24 14:02,핀포인트뉴스,광양 LNG,가스전부터 LNG선·터미널·트레이딩까지…포스코인터내셔널의 큰 그림...,LNG 전용선을 확보하고 광양 LNG터미널 증설을 추진하는 한편 싱가포르에 LNG 트레이딩 법인을 설립해 글로벌 거래 역량도 확대하고 있다. 이번 미국 가스전 인수는 이런 기존 사업을 하나로 묶는 역할을 할 수 있다는...,https://www.pinpointnews.co.kr/news/articleView.html?idxno=490167,pos
2026-09-24 10:06,sisajournal-e,미얀마 가스전,길어지는 LNG 수급 불확실성···비중동 가스전 확보한 K에너지 '주목',2013년 상업생산을 시작한 미얀마 가스전이 대표적이다. 이후 2022년 호주 천연가스 기업 세넥스에너지를 인수하며 생산 거점을 호주로 확대했다. 세넥스에너지는 현지 가스전 증산을 통해 연간 생산능력을 늘리는...,https://www.sisajournal-e.com/news/articleView.html?idxno=423841,pos
2026-09-24 09:02,e-platform,광양 LNG,가스배관위원회 출범 임박… LNG 시장 '공정한 망 이용' 전환점 될까,광양 LNG 터미널 전경 ◇ 11월 법정위원회 출범… '재정권'이 가장 큰 변화 가스배관위원회 설치 근거를 담은 도시가스사업법 개정안은 지난해 11월 김성원 의원이 대표 발의했고 올해 4월 23일 국회 본회의를 통과했다. 새...,http://www.e-platform.net/news/articleView.html?idxno=105679,pos
2026-09-24 09:01,서울경제,대미투자특별법,대미투자 ‘첫 삽’ 윤곽에 野 반발…“상업적 합리성부터 검증”,‘대한민국과 미합중국 간 전략적투자의 운영 및 관리를 위한 특별법(대미투자특별법)’에 따라 정부가 해당 사업에 상업적 합리성이 있다고 판단하면 별도의 국회 동의를 거치지 않고 ‘보고’만으로 추진할 수 있다....,https://www.sedaily.com/article/20094634?ref=naver,pos
2026-09-24 08:24,newsclaim,리엘리먼트,[포스코 인사 전망]① 임원 16% 내보내고 CEO는 남겼다… 올해는 유임 이...,포스코인터내셔널은 지난 5월 미국 리엘리먼트와 희토류 분리·정제 사업을 위한 합작법인 설립 협약을 맺었다. 이 사장도 미국에서 열린 협약식에 참석했다. 양사는 미국에 희토류 분리·정제 시설을 구축하고 2028년...,https://www.newsclaim.co.kr/news/articleView.html?idxno=3076499,pos
2026-09-24 06:01,데일리안,포스코인터,대미 투자 첫발…두산에너빌·포스코인터 수혜 '기대감',포스코인터내셔널은 이미 알래스카 LNG 프로젝트 지분 약 3.5%를 확보한 상태다. LNG 장기 도입도 가능하도록 했다. 포스코인터내셔널은 지난해 미국 에너지 기업 글렌파른과 연간 100만톤의 알래스카 LNG를 20년간...,https://www.dailian.co.kr/news/view/1694204/?sc=Naver,pos
2026-09-24 05:46,글로벌이코노믹,미얀마 LNG,"""엘니뇨 가뭄이냐, AI 수출 훈풍이냐""… 亞, 기후 충격·기술 격차에 '성...","필리핀은 3.3%, 캄보디아는 3.9%, 미얀마는 2.2%로 각각 깎여 나갔다. 이는 지난 7월 전망치보다 크게 낮아진... 액화천연가스(LNG) 수입선 다변화, 소비자 가격 통제 등 막대한 재정 보조금을 쏟아부으며 방어에 안간힘을...",https://www.g-enews.com/view.php?ud=2026092320002288420c8c1c064d_1,pos
2026-09-23 19:07,bbc,팜유,인도네시아 '최악 산불'에 17만명 이상 호흡기 질환 시달려,"지난달 말, 인도네시아의 한 야생동물 재단은 피해 규모가 가장 심각한 주 중 하나인 칼리만탄바랏의 한 팜유 농장에서 오랑우탄 한 마리가 땅바닥에서 몸부림치는 모습을 담은 영상을 공개했다. 지역 농민이 발견한 이...",https://www.bbc.com/korean/articles/cjr4v7kg3e6ro?xtor=AL-73-%5Bpartner%5D-%5Bnaver%5D-%5Bheadline%5D-%5Bkorean%5D-%5Bbizdev%5D-%5Bisapi%5D,pos
2026-09-23 17:30,서울신문,광양 LNG,"대미투자 ‘밑빠진 독’ 될까…알래스카 LNG, 상업적 합리성이 분수령",“포항·광양 등 철강산업 지역의 어려움이 큰 상황에서 알래스카 LNG 프로젝트 참여를 철강 관세 인하 등과 연계해 협상할 여지도 있다”고 설명했다. 이어 “한국과 상대적으로 지리가 가까운 알래스카산 LNG를 경쟁력...,https://www.seoul.co.kr/news/economy/2026/09/23/20260923500280?wlog_tag3=naver,pos
2026-09-23 16:24,뉴데일리,팜유,"[단독] 에이블씨엔씨, 미샤·어퓨 화장품 가격 최대 28.6% 인상",화장품용 계면활성제와 유화제 등의 기초 원료로 활용되는 팜유를 비롯해 주요 원료 가격 부담이 이어지고 있다. 말레이시아 팜유 가격은 9월22일 t당 4810링깃으로 1년 전보다 10.8% 올랐다. 화장품 원료로 쓰이는...,https://biz.newdaily.co.kr/site/data/html/2026/09/23/2026092300125.html,pos
2026-09-23 15:40,연합뉴스,POSCO INTERNATIONAL,KOSPI 200 Closing Price List-1,"37,000 POSCO INTERNATIONAL 55,300 DN 1,400 CJ CheilJedang 175,800 UP 1,600 HYUNDAI STEEL 31,950 DN 3,650 AMOREPACIFIC Holding s26350 U P150 HyundaiMtr 353,500 DN 7,000 LOTTE CHEMICAL Corp 60,200...",https://en.yna.co.kr/view/AEN20260923007900320?input=2106m,pos
2026-09-23 12:45,블로터,품목관세,'현대차 관세 부담' 부품사로 번지나…현대트랜시스 수익성 방어 변수,현대차·기아는 미국의 자동차·부품 품목관세 영향으로 지난해 7조2000억원의 관세 비용을 인식했다. 이에 양사 합산 EBIT는 2024년 24조원에서 2025년 16조원으로 줄었다. 순현금성 자산도 같은 기간 35조원에서...,https://www.bloter.net/news/articleView.html?idxno=674332,pos
2026-09-23 11:45,뉴스핌,삼척블루파워,"삼척블루파워·한국대체투자자산운용, AI데이터센터 부지 매각 협약",삼척블루파워가 한국대체투자자산운용과 AI 데이터센터 부지 매각을 위한 업무협약을 체결했다. 23일 삼척블루파워에 따르면 전날 체결된 이번 협약은 삼척블루파워 발전소 부지 내 데이터센터를 유치해 발전소의...,https://www.newspim.com/news/view/20260923000561,pos
2026-09-23 11:16,joseilbo,대미투자특별법,"민주당 ""'대미투자 국회 보고' 불법녹취 유출…국익 훼손""","국회는 지난 3월 본회의에서 대미투자특별법을 여·야 합의로 처리하면서 관련 투자에 대한 법적 근거를 마련했고, 이후 산업부와 재경부, 외교부 등 정부 측에서는 구체적인 프로젝트 내용을 두고서 협상을 이어 왔다....",http://www.joseilbo.com/news/news_read.php?uid=576281&class=32&grp=,pos
2026-09-23 11:14,비즈월드뉴스,팜유,"수은, LG화학 '국내 첫 지속가능항공유 전용설비'에 2500억원 지원","설비에서는 폐식용유와 팜유 부산물 등 바이오 원료에 수소를 첨가하는 HVO 공정을 통해 지속가능항공유와 바이오디젤, 바이오나프타 등을 생산한다. 지속가능항공유는 기존 화석연료 대비 탄소배출량을 60~80% 줄일...",http://www.bizwnews.com/news/articleView.html?idxno=147208,pos
2026-09-23 10:48,sentv,포스코모빌리티솔루션,"직스테크놀로지, GS인증 국산 AI CAD ‘직스캐드 AX’ 공공·산업계 도입...","삼성물산, 한화오션, 포스코모빌리티솔루션, 나우동인건축사사무소 등 업계를 선도하는 대기업과 엔지니어링사를 중심으로 현장 적용을 완료했다. 건축·건설은 물론 고도의 정밀성이 요구되는 방위산업·우주항공...",https://www.sentv.co.kr/article/view/sentv202609230060,pos
2026-09-23 10:28,아주경제,삼척블루파워,"삼척블루파워, 발전소 유휴부지에 AI 데이터센터 유치 '시동'",[사진=삼척블루파워] 삼척블루파워 발전소 유휴부지에 AI 데이터센터가 들어설 전망이다. 발전소에서 생산된 전력을 지역 내 대규모 산업시설에 활용하는 사업이 본격 추진되면서 침체된 동해안 에너지산업에 새로운...,https://www.ajunews.com/view/20260923102315247,pos
2026-09-23 10:22,shinailbo,삼척블루파워,"삼척블루파워, 유휴부지에 AI 데이터센터 추진…2만5000평 규모 검토","삼척블루파워가 발전소 유휴부지를 활용한 AI 데이터센터 유치에 나선다. 약 2만5000평을 데이터센터 대상 부지로 검토하고 기업실사와 기본설계, 전력계통영향평가 등을 거쳐 사업 추진 가능성을 구체화할 계획이다....",https://www.shinailbo.co.kr/news/articleView.html?idxno=5065413,pos
2026-09-23 10:12,노컷뉴스,삼척블루파워,"삼척블루파워, AI 데이터센터 유치 추진…부지 매각 업무협약 체결",핵심요약한국대체투자자산운용과 지난 22일 MOU 체결 삼척블루파워가 지난 22일 한국대체투자자산운용과 AI 데이터센터 부지 매각을 위한 업무협약(MOU)을 체결했다. 이번 협약은 삼척블루파워 발전소 부지 내 데이터센터...,https://www.nocutnews.co.kr/news/6582516?utm_source=naver&utm_medium=article&utm_campaign=20260923101133,pos
2026-09-23 10:10,철강금속신문,광양 LNG,페로타임즈 손바닥뉴스 9월23일(수),"포항·광양 집행부 13명, 2차 파업 후 전원 사퇴 메타프론트 글로벌 인사이트 [메타 Plus+] '범동국가... 가스공사 LNG 2단계 투자 EU, 핵심광물 직접 사서 쌓는다…中 희토류 의존에 '전략비축' 전환 [메타 Plus+영상]...",http://www.ferrotimes.com/news/articleView.html?idxno=50548,pos
2026-09-23 09:20,뉴스웨이,세넥스에너지,"포스코홀딩스, 미래는 리튬·현금은 가스…해외 자원사업 '다변화'[NW리...","포스코인터내셔널은 2022년 호주 에너지 기업 핸콕에너지와 함께 세넥스에너지를 인수해 50.1% 지분으로 경영권을 확보했다. 세넥스에너지는 호주 동부 퀸즐랜드 지역의 아틀라스와 로마 노스 가스전, 로키바와 레인지...",https://www.newsway.co.kr/news/view?ud=2026092302353018166,pos
2026-09-23 09:20,이데일리,팜유,‘역대급 엘니뇨’ 온다…아시아 가뭄·식량위기 우려,"이란 전쟁 여파로 에너지와 비료 가격까지 오른 상황에서 쌀과 팜유 등 주요 농산물 생산이 줄 경우 글로벌... 쌀과 팜유 공급에도 비상이 걸렸다. 세계 주요 쌀 수출국인 인도와 베트남, 태국은 올해 엘니뇨의 직접적인...",https://www.edaily.co.kr/News/Read?newsId=02781446645583072&mediaCodeNo=257&utm_source=naver&utm_medium=referral&utm_campaign=news_syndication&utm_content=original_article,neg
2026-09-23 09:01,전자신문,포스코모빌리티솔루션,"GS인증 국산 AI CAD '직스캐드 AX', 공공·산업 현장 도입 확대","삼성물산, 한화오션, 포스코모빌리티솔루션, 나우동인건축사사무소 등 주요 기업을 중심으로 도입 사례를 넓혀가고 있다. 분야도 건축·건설을 비롯해 방산·우주, 로봇, 기계·제조, 조선 등 다양한 산업에서 활용...",https://www.etnews.com/20260922000471,pos
2026-09-23 09:00,epnc,포스코모빌리티솔루션,"직스테크놀로지 '직스캐드 AX', 공공·산업 현장 확산…국산 AI CAD 입지...","삼성물산, 한화오션, 포스코모빌리티솔루션, 나우동인건축사사무소 등을 중심으로 도입 사례를 확보하며 건축·건설부터 방산·우주, 로봇, 기계·제조, 조선 등 CAD 활용도가 높은 산업으로 공급 범위를 확대하고...",https://www.epnc.co.kr/news/articleView.html?idxno=407311,pos
2026-09-23 07:02,더벨,팜유,[더벨][Gallery Story] 호암으로 무대 넓힌 '아트스펙트럼',인도네시아 작가 엘리아 누르비스타는 팜유 산업과 글로벌 경제의 관계를 영상과 바틱 구조물로 풀어냈다. 호암미술관의 자연환경을 작품에 직접 끌어들인 시도도 있다. 김지수는 기계장치와 드론을 신체에 연결한 채...,https://www.thebell.co.kr/free/content/ArticleView.asp?key=202609211602062280103239,pos
2026-09-23 07:01,ZDNet코리아,포스코모빌리티솔루션,"GS인증 국산 AI CAD ‘직스캐드 AX’, 공공·산업 현장 도입 확대","삼성물산, 한화오션, 포스코모빌리티솔루션, 나우동인건축사사무소 등 주요 기업을 중심으로 도입 사례를 넓혀가고 있다. 또 건축·건설을 비롯해 방산·우주, 로봇, 기계·제조, 조선 등 다양한 산업 분야로 활용...",https://zdnet.co.kr/view/?no=20260922172121,pos
2026-09-22 23:31,동아일보,대미투자특별법,[사설]대미투자 1~3호 국회에 보고… 여야 소통으로 협상 힘 실어야,올해 6월 시행된 대미투자특별법에 따르면 대미 투자는 상업적 합리성 확보를 원칙으로 국익에 부합하는 방향으로 추진돼야 한다. 상업적 합리성이 확보되지 않으면 국회 동의를 받아 추진해야 한다. 정부가 여야 소통을...,https://www.donga.com/news/Opinion/article/all/20260922/134723630/2,pos
2026-09-22 21:24,idaegu,대미투자특별법,"정부, 대미투자 1호 '텍사스 가스발전' 확정","대미투자특별법에 따르면 사업의 상업적 합리성이 담보될 경우 국회 동의 절차 없이 보고만으로 추진이 가능하다. 산자위 야당 간사인 구자근 국민의힘 의원은 보고 직후 기자들과 만나 ""정부에서 텍사스...",https://www.idaegu.co.kr/news/articleView.html?idxno=560494,pos
2026-09-22 19:52,goodmorningcc,대미투자특별법,"국회 산자중기위, 이소영 장관 후보자 인사청문경과보고서 채택","또 대미투자특별법에 따라 산업통상부로부터 대미투자 대상 사업에 대한 보고를 받았는데, 일부 공개가 적절하지 않은 부분이 있음을 고려하여 비공개회의로 전환하여 심도 있는 논의를 진행했다. 이로써 이재명 정부...",https://www.goodmorningcc.com/news/articleView.html?idxno=452837,pos
2026-09-22 18:32,sisaweek,대미투자특별법,대미투자 1호 쟁점 '상업적 합리성',국회 재정경제위원회(이하 재경위)와 산업통상자원중소벤처기업위원회(이하 산자위)가 22일 재정경제부와 산업통상부로부터 '대한민국 미합중국 간 전략적투자의 운영 및 관리를 위한 특별법'(이하 대미투자특별법)에...,https://www.sisaweek.com/news/articleView.html?idxno=238046,pos
2026-09-22 18:05,뉴스1,삼척블루파워,"삼척블루파워, AI 데이터센터 유치 추진…2만5000평 부지 매각 협약",강원 삼척화력발전소 운영사인 삼척블루파워가 발전소 인근 유휴부지를 활용한 인공지능(AI) 데이터센터 유치에 나선다. 삼척블루파워는 22일 한국대체투자자산운용과 AI 데이터센터 부지 매각을 위한 업무협약(MOU)을...,https://www.news1.kr/local/kangwon/6299459,pos
2026-09-22 17:36,the-today,팜유,"수은, LG화학 '국내 첫 SAF 전용설비'에 2500억원 지원","폐식용유와 팜유 부산물 등 바이오 원료에 수소를 첨가하는 수소화 식물성 오일(HVO) 공정을 통해 SAF와 바이오디젤, 바이오나프타 등을 생산할 예정이다. 수은은 이들 연료가 기존 화석연료보다 탄소배출량을 60~80...",https://www.the-today.com/news/articleView.html?idxno=90601,pos
2026-09-22 17:30,경향신문,대미투자특별법,"정부, 대미투자 1호 텍사스 가스복합화력발전소 건설 추진",이날 보고는 지난 3월 제정된 대미투자특별법에 따라 이루어졌다. 특별법은 정부가 대미투자 사항을 국회에 사전보고하도록 하고 있다. 국가 안보나 공급망 안정 등 불가피한 사유에 따라 대미투자를 추진할 경우 국회...,https://www.khan.co.kr/article/202609221730001,pos
